"","Site ID","Site Name","Longitude","Latitude","Region","Activation Date","Deactivation Date"
"1","48_001_0647","Palestine C647","-95.705833","31.779444",5,"26-Jul-05","25-Oct-06"
"2","48_005_5013","Lufkin KLFK","-94.75","31.233889",10,"2-Sep-05",""
"3","48_021_0684","McKinney Roughs","-97.4588971","30.140877",11,"16-Aug-06",""
"4","48_025_0001","AC Jones High School","-97.7525","28.418889",14,"1-Jan-75","30-Jun-80"
"5","48_025_0641","Beeville","-97.79","28.359722",14,"26-Jul-05","18-Oct-06"
"6","48_027_0001","Draughton Miller Airport","-97.408333","31.156667",9,"20-Sep-90","30-Dec-96"
"7","48_027_0651","TEMPLE C651","-97.339444","30.9975",9,"31-Jul-05","7-Nov-06"
"8","48_027_1045","Temple Georgia","-97.4310523","31.1224187",9,"4-Oct-13",""
"9","48_027_1047","Killeen Skylark Field","-97.6797343","31.0880022",9,"11-Jun-09",""
"10","48_029_0001","Calveras State Park","-98.295833","29.281944",13,"1-Jan-77","31-Dec-81"
"11","48_029_0002","Camp Bullis - TACB/SAMHD","0","0",13,"1-Jan-81","31-Dec-82"
"12","48_029_0003","San Antonio","-98.418611","29.641944",13,"1-Jan-68","31-Dec-69"
"13","48_029_0004","Culebra Road","-98.802778","29.52",13,"1-Jan-68","31-Dec-69"
"14","48_029_0005","Oak Hills Country Club","-98.570278","29.506111",13,"1-Jan-68","30-Jun-80"
"15","48_029_0006","Cadillac Drive Water Pump Station","-98.525278","29.571944",13,"1-Jan-68","31-Dec-69"
"16","48_029_0007","San Antonio City Service Center","-98.477778","29.520833",13,"1-Jan-68","31-Dec-69"
"17","48_029_0008","Newport","-98.477778","29.520833",13,"1-Jan-68","31-Dec-74"
"18","48_029_0009","SARA Sewage Treatment Plant","-98.291944","29.511111",13,"1-Jan-68","31-Dec-69"
"19","48_029_0011","Lackland City Spring","-98.638333","29.385556",13,"1-Jan-68","31-Dec-69"
"20","48_029_0012","Hwy 90 Water Pump Station","-98.579167","29.423611",13,"1-Jan-68","31-Dec-69"
"21","48_029_0013","Edison Dr Water Pump Station","-98.519444","29.470833",13,"1-Jan-68","31-Dec-69"
"22","48_029_0014","Helotes Park Estates","-98.68","29.561667",13,"1-Jan-68","31-Dec-69"
"23","48_029_0015","Seale Road Water Pump Station","-98.413056","29.444444",13,"1-Jan-68","31-Dec-69"
"24","48_029_0017","Bexar Metro Water","-98.5375","29.3275",13,"1-Jan-68","31-Dec-69"
"25","48_029_0018","New Braunfels Rd City Service Center","-98.453889","29.3525",13,"1-Jan-68","31-Dec-69"
"26","48_029_0019","Beck Road","-98.318056","29.365",13,"1-Jan-68","31-Dec-69"
"27","48_029_0020","Somerset Water Pump Station","-98.666667","29.225556",13,"1-Jan-68","31-Dec-69"
"28","48_029_0021","Braunig Lake Power Plant","-98.386111","29.266667",13,"1-Jan-68","31-Dec-73"
"29","48_029_0022","San Antonio International Airport","-98.474444","29.527778",13,"1-Jan-69","31-Dec-83"
"30","48_029_0023","Hills and Dales Water Company","-98.641111","29.59",13,"1-Jan-73","31-Dec-73"
"31","48_029_0024","Flagle Street Water Pump Station","-98.564444","29.4375",13,"1-Jan-71","1-Jan-81"
"32","48_029_0026","Southcross","-98.543611","29.367778",13,"1-Jan-71","30-Jun-80"
"33","48_029_0027","Gembler Fire Station","-98.416111","29.435",13,"1-Jan-71","30-Jun-80"
"34","48_029_0029","Walzem Pump Station","-98.403333","29.508333",13,"1-Jan-71","1-Jan-73"
"35","48_029_0032","San Antonio Northwest","-98.620166","29.51509",13,"1-Jul-81",""
"36","48_029_0033","New Braunfels Road","-98.448889","29.359444",13,"1-Jan-72","30-Jun-80"
"37","48_029_0034","NW of Bowie &amp; Durange Streets Intersection","-98.484722","29.415278",13,"1-Jan-72","7-Oct-99"
"38","48_029_0035","EPA-480290035","-98.824722","29.44",13,"1-Jan-73","31-Dec-76"
"39","48_029_0036","San Antonio North","-98.538889","29.504722",13,"1-Sep-72","11-Aug-98"
"40","48_029_0037","Flagle Street","-98.564444","29.4375",13,"1-Jan-75","31-Dec-76"
"41","48_029_0038","West Southcross","-98.545833","29.370278",13,"1-Jan-75","31-Dec-80"
"42","48_029_0039","Gembler","-98.4125","29.435",13,"1-Jan-75","1-Jan-79"
"43","48_029_0040","South New Braunfels","-98.447222","29.361944",13,"5-Jan-74","31-Dec-88"
"44","48_029_0041","Salinas and Camaron","-98.493889","29.429167",13,"1-Jan-77","31-Dec-81"
"45","48_029_0042","East Kelly AFB","-98.54","29.372778",13,"1-Jan-79","30-Dec-96"
"46","48_029_0044","International Airport Loop","-98.473056","29.518889",13,"1-Jan-84","10-Jan-90"
"47","48_029_0045","Kings Mountain","-98.358333","29.588889",13,"1-Jan-80","31-Dec-85"
"48","48_029_0046","San Antonio Downtown","-98.486389","29.426944",13,"1-Sep-81","6-Oct-10"
"49","48_029_0047","Espada Road","-98.45","29.316667",13,"1-Jan-82","30-Jun-83"
"50","48_029_0048","Culebra Road 2","-98.6125","29.440278",13,"1-Jan-83","31-Dec-87"
"51","48_029_0050","IH-410 San Antonio International Airport","-98.478333","29.530278",13,"1-Jan-71","30-Dec-96"
"52","48_029_0051","San Antonio Seale","-98.406501","29.4450463",13,"13-Jul-94",""
"53","48_029_0052","Camp Bullis","-98.5649364","29.6320582",13,"10-Aug-98",""
"54","48_029_0053","Selma","-98.3125118","29.5877408",13,"6-Oct-99",""
"55","48_029_0055","CPS Pecan Valley","-98.431251","29.4072945",13,"11-Mar-99",""
"56","48_029_0059","Calaveras Lake","-98.3116919","29.2753812",13,"12-May-98",""
"57","48_029_0060","Frank Wing Municipal Court","-98.505381","29.4221832",13,"18-May-00",""
"58","48_029_0501","Elm Creek Elementary","-98.724444","29.276667",13,"17-Jun-02",""
"59","48_029_0502","Fair Oaks Ranch","-98.625556","29.73",13,"27-Jun-02",""
"60","48_029_0622","Heritage Middle School","-98.3328207","29.3529047",13,"29-Jul-04",""
"61","48_029_0623","Gardner Rd. Gas Sub-Station","-98.3258333","29.3319444",13,"28-Jun-05",""
"62","48_029_0625","Gate 9A CPS","-98.3377778","29.2922222",13,"1-Jun-05",""
"63","48_029_0626","Gate 58 CPS","-98.3316667","29.3177778",13,"1-Jun-05",""
"64","48_029_0676","Palo Alto","-98.5513832","29.3327898",13,"1-Aug-06",""
"65","48_029_0677","Old Hwy 90","-98.5804991","29.4239439",13,"9-Oct-06",""
"66","48_029_1001","Brooks Army Hospital","-98.448333","29.466389",13,"1-Jan-81","31-Dec-82"
"67","48_029_1002","Winans Road","-98.431944","29.473611",13,"1-Jul-82","31-Dec-88"
"68","48_029_1052","San Antonio 99th Street","-98.472","29.342",13,"23-Jul-12","18-Dec-13"
"69","48_029_1069","San Antonio Interstate 35","-98.39139","29.5294",13,"8-Jan-14",""
"70","48_029_1080","San Antonio Gardner Road","-98.332814","29.352911",13,"18-Nov-16",""
"71","48_029_2001","USEPA-480292001","-98.498611","29.423333",13,"1-Jan-57","31-Dec-81"
"72","48_029_2002","Fredericksburg Road","-98.608889","29.627778",13,"1-Jan-64","31-Dec-69"
"73","48_037_0001","USEPA-480370001","-94.078611","33.436944",5,"1-Jan-64","31-Dec-80"
"74","48_037_0003","Spruce Street","-94.052778","33.429444",5,"1-Jan-78","31-Dec-88"
"75","48_037_0004","Texarkana","-94.0708021","33.4257582",5,"1-Jan-99","25-Feb-16"
"76","48_037_0645","WAMBA Texarkana  NTRD","-94.12","33.5",5,"20-Jul-05","7-Nov-06"
"77","48_037_1031","Texarkana New Boston","-94.07778","33.436111",5,"23-Mar-16",""
"78","48_039_0001","Alvin Junior College","-95.235556","29.395278",12,"1-Jan-72","31-Dec-81"
"79","48_039_0618","Danciger","-95.756601","29.144291",12,"1-Jun-03",""
"80","48_039_0619","Mustang Bayou","-95.19991","29.308562",12,"1-Jun-03","16-Nov-15"
"81","48_039_1001","Oyster Creek Bend","-95.334722","28.993889",12,"1-Jan-66","31-Dec-81"
"82","48_039_1002","Hargett &amp; Main","-95.408333","29.026944",12,"1-Jan-69","31-Dec-75"
"83","48_039_1003","Clute","-95.397744","29.0108409",12,"1-Jan-74",""
"84","48_039_1004","Manvel Croix Park","-95.3925089","29.5204432",12,"23-Aug-01",""
"85","48_039_1012","Freeport South Avenue I","-95.35483","28.96443",12,"25-May-11",""
"86","48_039_1016","Lake Jackson","-95.4729462","29.0437592",12,"10-Jun-03",""
"87","48_039_1607","Oyster Creek","-95.313333","29.010556",12,"14-Dec-16",""
"88","48_041_0001","Courthouse Annex","-96.370833","30.674722",9,"1-Jan-71","31-Dec-81"
"89","48_041_5011","College Station KCLL","-96.3511111","30.5822222",9,"2-Sep-05",""
"90","48_043_0001","West Holland","-103.658333","30.341667",6,"1-Jan-74","31-Dec-74"
"91","48_043_0002","Sul Ross University","-103.649167","30.365833",6,"1-Mar-01","15-Nov-05"
"92","48_043_0101","Bravo Big Bend","-103.1779076","29.3025518",6,"1-Oct-90",""
"93","48_049_0001","Main &amp; Austin","-99.016667","31.729167",3,"1-Jan-67","30-Jun-80"
"94","48_049_0002","Indian Creek Road","-98.965278","31.679444",3,"1-Jan-78","31-Dec-84"
"95","48_053_0322","Burnet County Hospital C322","-98.2365001","30.7324069",11,"24-Jun-04","29-Jul-05"
"96","48_053_5009","Burnet County Airport KBMQ","-98.2386111","30.7388889",11,"17-Jun-04",""
"97","48_055_0062","San Marcos Airport","-97.877778","29.888056",11,"12-Aug-98","5-Apr-03"
"98","48_055_1604","Lockhart","-97.664936","29.864917",11,"24-Apr-14",""
"99","48_057_0001","City Swimming Pool","-96.566667","28.675",14,"1-Jan-71","31-Dec-80"
"100","48_057_0657","Port O Connor","-96.454722","28.434167",14,"3-Oct-05","30-Jul-07"
"101","48_061_0002","Texas Southwest College","-97.491944","25.883056",15,"1-Jan-74","31-Dec-81"
"102","48_061_0003","Navigation District Office","-97.408611","25.936944",15,"1-Jan-74","31-Dec-84"
"103","48_061_0004","Gladys Porter Zoo","-97.493889","25.912222",15,"1-Jan-76","30-Dec-96"
"104","48_061_0005","Gladys Porter Zoo 2","0","0",15,"1-Jan-81","31-Dec-81"
"105","48_061_0006","Brownsville","-97.4938295","25.8925176",15,"1-Jul-93",""
"106","48_061_1001","St Margaret Ann Catholic Church","-97.85","26.080833",15,"1-Jan-74","31-Dec-77"
"107","48_061_1002","Sunshine Strip","-97.695","26.208056",15,"1-Jan-81","31-Dec-88"
"108","48_061_1023","Harlingen Teege","-97.7126837","26.2003347",15,"9-Oct-12",""
"109","48_061_2001","Harlingen Water Works","-97.718889","26.206111",15,"1-Feb-61","31-Dec-88"
"110","48_061_2002","San Benito","-97.6300394","26.1351726",15,"1-Jan-83","1-Feb-08"
"111","48_061_2004","Isla Blanca Park","-97.1621996","26.0696153",15,"1-Aug-05",""
"112","48_061_3001","City Hall","-97.208333","26.075",15,"1-Jan-71","31-Dec-72"
"113","48_061_4001","Water Works","-97.633333","26.135",15,"1-Jan-69","31-Dec-81"
"114","48_065_0004","Pantex 4","-101.587083","35.3359717",1,"29-Jan-04",""
"115","48_065_0005","Pantex 5","-101.5806223","35.3529795",1,"13-Jan-04",""
"116","48_065_0007","Pantex 7","-101.5608419","35.382749",1,"12-Jul-99",""
"117","48_065_1001","Superfund Site","-101.621944","35.1825",1,"9-Sep-92","26-Jun-95"
"118","48_071_0001","Beach City Community Building","-94.916111","29.6475",12,"1-Jan-67","4-Sep-83"
"119","48_071_0002","Mt. Belvieu Fire Station","-94.895833","29.856389",12,"1-Jan-67","31-Dec-75"
"120","48_071_0003","Fahring Building","-94.677778","29.767778",12,"1-Jan-69","31-Dec-71"
"121","48_071_0004","Winnie Municipal Annex","-94.377778","29.818333",12,"1-Jan-72","31-Dec-75"
"122","48_071_0013","Smith Point Hawkins Camp","-94.7869686","29.5462437",12,"6-Sep-00",""
"123","48_071_0900","HRM 10 Mont Belvieu","-94.921389","29.878889",12,"1-Aug-81","6-Dec-01"
"124","48_071_0901","HRM 11 East Baytown","-94.910278","29.765833",12,"1-Aug-81","5-Dec-01"
"125","48_071_1606","UH Smith Point","-94.781386","29.545789",12,"15-Apr-16",""
"126","48_085_0001","SE of Hickory Street &amp; 6th Street Intersection","-96.822778","33.145",4,"1-Jan-81","1-Jul-99"
"127","48_085_0002","Gould Plant","-96.8275","33.138889",4,"1-Jan-84","1-Mar-92"
"128","48_085_0003","Frisco 5th St","-96.8246832","33.1423361",4,"1-Jan-84",""
"129","48_085_0005","Frisco","-96.7864188","33.1324003",4,"7-May-92",""
"130","48_085_0006","Gould National Battery","-96.825","33.134444",4,"18-May-92","30-Dec-96"
"131","48_085_0007","Frisco 7","-96.8257693","33.1474141",4,"14-Jan-94",""
"132","48_085_0008","Globe Union Battery","-96.828889","33.1475",4,"14-Jan-94","30-Dec-96"
"133","48_085_0009","Frisco Eubanks","-96.8288087","33.1446618",4,"15-Jan-95",""
"134","48_085_0010","Anna","-96.551111","33.355833",4,"9-Nov-99","1-Oct-04"
"135","48_085_0029","Frisco Stonebrook","-96.8244725","33.1360249",4,"7-Jan-11",""
"136","48_085_0085","Erwin City Park","-96.656667","33.246667",4,"1-Jan-86","31-Dec-86"
"137","48_091_0001","South Seguin Street","-98.121111","29.700278",13,"1-Jan-81","31-Dec-83"
"138","48_091_0002","North Central Street","-98.126944","29.721389",13,"1-Jan-81","27-Dec-84"
"139","48_091_0503","Bulverde Elementary","-98.4627778","29.7608333",13,"27-Aug-02",""
"140","48_091_0505","City of Garden Ridge","-98.2986111","29.6391667",13,"25-Mar-03",""
"141","48_097_1504","Gainesville Doss Street","-97.153805","33.63317",4,"1-Oct-13",""
"142","48_109_0001","Van Horn City Hall","-104.833333","31.041667",6,"1-Jan-74","31-Dec-81"
"143","48_109_0658","GUADALUPE MOUNTAIN NATIONAL PARK C658","-104.806111","31.891111",6,"26-Apr-06","31-Jan-07"
"144","48_109_5018","Guadalupe Pass KGDP","-104.814444","31.831111",6,"1-Aug-05",""
"145","48_113_0001","USEPA-481130001","0","0",4,"1-Jan-57","31-Dec-66"
"146","48_113_0002","USEPA-481130002","-96.873611","32.744444",4,"1-Jan-68","31-Dec-81"
"147","48_113_0003","West Commerce","-96.836111","32.771944",4,"1-Jan-71","30-Jun-80"
"148","48_113_0004","Envoy Court","-96.870833","32.813889",4,"1-Jan-71","31-Dec-71"
"149","48_113_0005","Chalk Hill","-96.904167","32.773611",4,"1-Jan-71","31-Dec-71"
"150","48_113_0008","Mockingbird Lane Fire Station","-96.836111","32.836111",4,"1-Jan-71","31-Dec-80"
"151","48_113_0011","South Akard Street","-96.795833","32.773611",4,"1-Jan-71","31-Dec-71"
"152","48_113_0012","McKinney Avenue","-96.805556","32.786111",4,"1-Jan-71","31-Dec-71"
"153","48_113_0018","Morrell","-96.7818829","32.744981",4,"1-Jan-69","1-Jun-16"
"154","48_113_0020","Lancaster","-96.7925","32.692222",4,"1-Jan-69","5-Jul-02"
"155","48_113_0023","North Hampton Fire Station","-96.855556","32.780556",4,"1-Jan-71","30-Jun-80"
"156","48_113_0027","Prichard Fire Station","-96.686111","32.736111",4,"1-Jan-71","31-Dec-75"
"157","48_113_0028","East Northwest Highway","-96.702778","32.863889",4,"1-Jan-71","31-Dec-80"
"158","48_113_0029","N of Douglas &amp; Berkshire Intersection","-96.808611","32.865",4,"1-Jan-71","30-Jun-98"
"159","48_113_0035","Coit","-96.768611","32.916667",4,"1-Jan-71","26-Dec-08"
"160","48_113_0036","Frank","-96.747222","32.772222",4,"1-Jan-71","31-Dec-74"
"161","48_113_0038","John West Road Fire Station","-96.695833","32.806944",4,"1-Jan-71","31-Dec-88"
"162","48_113_0039","Brewer","-96.8875","32.872222",4,"1-Jan-71","31-Dec-81"
"163","48_113_0040","Cockrell Hill Fire Station","-96.890278","32.719444",4,"1-Jan-71","31-Dec-80"
"164","48_113_0042","Belmont","-96.75","32.816667",4,"1-Jan-73","31-Dec-81"
"165","48_113_0044","West Mockingbird","-96.863889","32.825833",4,"1-Jan-72","31-Dec-88"
"166","48_113_0045","Dallas North C5","-96.808056","32.919722",4,"1-Jan-73","3-Nov-98"
"167","48_113_0046","Dallas Martin Luther King","-96.765833","32.770278",4,"1-Jan-74","31-Dec-99"
"168","48_113_0047","Live Oak &amp; Pearl","-96.793611","32.785",4,"1-Jan-77","31-Dec-81"
"169","48_113_0048","Chalk Hill 2","-96.904167","32.773611",4,"1-Jan-77","31-Dec-80"
"170","48_113_0049","Fish Trap Road","-96.861111","32.783611",4,"1-Jan-79","31-Dec-88"
"171","48_113_0050","Convention Center","-96.7976859","32.7742622",4,"1-Jan-79",""
"172","48_113_0051","Pavahoe Pump Station","-96.833333","32.784722",4,"1-Jan-79","31-Dec-79"
"173","48_113_0052","West Illinois","-96.890833","32.719444",4,"1-Jan-80","31-Dec-87"
"174","48_113_0053","Dallas Ervay","-96.797222","32.783333",4,"30-Jan-81","1-Nov-98"
"175","48_113_0055","Bonnie View","-96.756944","32.616389",4,"1-Jan-82","1-Aug-94"
"176","48_113_0056","Dallas-481130056","-96.774167","32.735278",4,"1-Jan-81","28-Mar-87"
"177","48_113_0057","Boy's Club","-96.8732943","32.7791925",4,"1-Jan-82","29-Feb-08"
"178","48_113_0058","B.T. Johnson","-96.874444","32.779722",4,"1-Jan-82","31-Dec-83"
"179","48_113_0059","Commerce Drive","-96.870833","32.775556",4,"1-Jan-82","31-Dec-86"
"180","48_113_0060","Pontiac &amp; Sargent","-96.781667","32.736111",4,"1-Jan-82","31-Dec-90"
"181","48_113_0061","Earhart","-96.8765711","32.7853591",4,"1-Jan-09",""
"182","48_113_0063","St. Germain","-96.8775","32.773889",4,"1-Jan-83","31-Dec-86"
"183","48_113_0064","Sargent Road","-96.779722","32.737778",4,"1-Jan-83","31-Dec-94"
"184","48_113_0065","Rector Street","-96.782222","32.7375",4,"1-Jan-83","31-Dec-94"
"185","48_113_0066","NOLEN","-96.782778","32.739722",4,"1-Jan-83","30-Sep-04"
"186","48_113_0067","Toronto Street","-96.875556","32.779722",4,"1-Jan-84","31-Dec-89"
"187","48_113_0068","La Reunion Parkway","-96.8775","32.769167",4,"1-Jan-85","31-Dec-87"
"188","48_113_0069","Dallas Hinton","-96.8601165","32.8200608",4,"1-Jan-86",""
"189","48_113_0070","New Micro","-96.929444","32.764722",4,"1-Jan-92","1-Nov-96"
"190","48_113_0071","GNB Battery","-96.916111","32.921667",4,"17-Jun-91","30-Dec-96"
"191","48_113_0072","North of Texas &amp; Houston Streets Intersection","-96.963333","32.588889",4,"17-Jul-91","30-Jun-99"
"192","48_113_0073","Palmer Paper Co.","-96.869722","32.809722",4,"3-Oct-91","31-Dec-93"
"193","48_113_0075","Dallas North #2","-96.8084975","32.9192056",4,"2-Nov-98",""
"194","48_113_0086","Coit Road","-96.761944","32.9861",4,"1-Jan-86","31-Dec-86"
"195","48_113_0087","Dallas Redbird Airport Executive","-96.8720596","32.6764506",4,"1-Jan-95",""
"196","48_113_1001","Austin Street","-96.638056","32.915556",4,"1-Jan-75","30-Jun-80"
"197","48_113_1002","School Administration Building","-96.638889","32.926667",4,"1-Jan-76","31-Dec-84"
"198","48_113_1003","Globe Union Battery SW","0","0",4,"1-Jan-82","31-Dec-83"
"199","48_113_1004","Globe Union Battery NW","-96.665556","32.983889",4,"1-Jan-82","1-Apr-83"
"200","48_113_1005","Globe Union Battery NE","0","0",4,"1-Jan-82","31-Dec-83"
"201","48_113_1006","Garland","-96.669167","32.910556",4,"17-Mar-94","24-Mar-03"
"202","48_113_1047","Long Creek","-96.552778","32.773611",4,"1-Jan-79","30-Sep-92"
"203","48_113_1067","Dallas LBJ Freeway","-96.75355","32.92118",4,"1-Apr-14",""
"204","48_113_1500","Lancaster Cedardale","-96.800599","32.630011",4,"1-Sep-13",""
"205","48_113_1505","Dallas Elm Fork","-96.913552","32.879107",4,"18-Nov-13",""
"206","48_113_2001","Graham Street","-96.966667","32.758056",4,"1-Jan-73","31-Dec-81"
"207","48_113_2002","West Main Street Fire Station","-97.008333","32.741667",4,"1-Jan-72","30-Jul-83"
"208","48_113_2003","West Main","-96.95","32.742222",4,"1-Jan-73","31-Dec-75"
"209","48_113_2004","Marshall","-96.983333","32.720556",4,"1-Jan-73","31-Dec-81"
"210","48_113_2005","NW 13TH","-97.02","32.743333",4,"1-Jan-73","31-Dec-81"
"211","48_113_3001","Haley Elementary School","-96.968333","32.856111",4,"1-Jan-75","24-Jul-83"
"212","48_113_3002","Austin Junior High School","-96.933611","32.823333",4,"1-Jan-79","27-Dec-84"
"213","48_113_3003","Sunnyvale Long Creek","-96.5462988","32.7693798",4,"14-Nov-00","1-Apr-06"
"214","48_113_3004","KEIST","-96.8033","32.7106",4,"3-Jul-02","9-Sep-05"
"215","48_121_0001","New City Hall","-97.133333","33.216667",4,"1-Jan-72","5-Aug-83"
"216","48_121_0002","Denton Municipal Airport","-97.193889","33.186111",4,"1-May-92","31-Dec-92"
"217","48_121_0033","Denton Municipal Airport on Airport Road","-97.195278","33.206111",4,"16-Jun-93","25-Nov-97"
"218","48_121_0034","Denton Airport South","-97.1962836","33.219069",4,"16-Feb-98",""
"219","48_121_0054","Denton Colony","-96.861389","33.071944",4,"26-Jan-81","15-Dec-99"
"220","48_121_1001","North Mill Street","-97.005833","33.064444",4,"1-Jan-75","31-Dec-81"
"221","48_121_1007","Flower Mound Shiloh","-97.1300022","33.0458619",4,"27-Oct-10",""
"222","48_121_1013","DISH Airfield","-97.29765","33.13093",4,"31-Mar-10",""
"223","48_121_1032","Pilot Point","-96.9445903","33.4106476",4,"4-Apr-06",""
"224","48_121_5008","Denton Airport KDTO","-97.198889","33.206111",4,"22-Jan-03",""
"225","48_123_1602","Cuero","-97.276575","29.134779",14,"15-Apr-14",""
"226","48_135_0001","USEPA-481350001","-102.345833","31.873333",7,"1-Jan-63","31-Dec-83"
"227","48_135_0002","University &amp; Park","-102.3525","31.872222",7,"19-Nov-75","10-Oct-91"
"228","48_135_0003","Odessa-Hays Elementary School","-102.3420368","31.8365747",7,"2-Feb-93",""
"229","48_135_0004","Odessa El Ranchito","-102.308333","31.826389",7,"16-Aug-00","6-Jun-02"
"230","48_135_1014","Odessa Gonzales","-102.3347563","31.8702534",7,"6-Jun-02",""
"231","48_139_0001","City Hall Roof","-96.994444","32.483889",4,"1-Jan-81","31-Dec-84"
"232","48_139_0002","North City Limits","-96.671389","32.435833",4,"1-Jan-85","31-Dec-86"
"233","48_139_0003","Optimist Ball Park","-96.847222","32.388333",4,"1-Jan-76","31-Dec-81"
"234","48_139_0004","Auger Road","-97.003056","32.498056",4,"18-Jan-91","30-Jan-93"
"235","48_139_0006","Gorman Road","-96.926667","32.543333",4,"10-Mar-92","30-Apr-93"
"236","48_139_0007","Tayman Drive Water Treatment Plant","-96.991389","32.531667",4,"22-Mar-92","1-Apr-97"
"237","48_139_0008","Mt. Creek Water Supply","-97.017778","32.429722",4,"22-Mar-92","11-Apr-93"
"238","48_139_0011","Hidden Valley Trail","-96.941389","32.481389",4,"31-Aug-92","20-Oct-93"
"239","48_139_0012","Chaparral Steel Company","-97.037222","32.462222",4,"16-Jan-93","8-Jan-99"
"240","48_139_0013","Auger Road Water Treatment Plant","-97.016111","32.501389",4,"18-Jan-91","15-Oct-94"
"241","48_139_0014","Box Crow Cement Company","-96.955278","32.546111",4,"6-Nov-93","16-Jan-95"
"242","48_139_0015","Midlothian Tower","-97.024444","32.436667",4,"24-Oct-94","22-Aug-07"
"243","48_139_0016","Midlothian OFW","-97.0268987","32.4820829",4,"7-Nov-94",""
"244","48_139_0017","Midlothian Wyatt Rd","-97.0425","32.473611",4,"20-Nov-99","7-Apr-06"
"245","48_139_0082","Ennis Airport","-96.663611","32.326111",4,"1-Mar-91","31-Dec-91"
"246","48_139_0084","Cedar Drive","-97.005556","32.461389",4,"1-Jan-85","21-Oct-94"
"247","48_139_0650","ITALY HIGH SCHOOL","-96.878056","32.178333",4,"1-Aug-05","7-Nov-06"
"248","48_139_1002","Water &amp; Elm","-96.847222","32.3875",4,"1-Jan-73","31-Dec-81"
"249","48_139_1044","Italy","-96.8701892","32.1754166",4,"21-Aug-07",""
"250","48_141_0001","USEPA-481410001","-106.483333","31.760833",6,"1-Jan-57","31-Dec-95"
"251","48_141_0002","Tillman","-106.4829215","31.7576535",6,"1-Jan-69","21-May-13"
"252","48_141_0003","Shorty Lane Fire Station","-106.579167","31.8375",6,"1-Jan-78","31-Dec-87"
"253","48_141_0004","Clint High School","-106.228611","31.588611",6,"1-Jan-74","31-Dec-81"
"254","48_141_0005","City Gas Pumps","-106.5975","31.997222",6,"1-Jan-74","31-Dec-81"
"255","48_141_0006","Darrington","-106.2075","31.688333",6,"1-Jan-74","31-Dec-81"
"256","48_141_0007","Coranado Fire Station","-106.533333","31.832222",6,"1-Jan-71","29-Dec-86"
"257","48_141_0008","Koger Building","-106.513889","31.794444",6,"1-Jan-71","31-Dec-75"
"258","48_141_0010","Northeast Clinic","-106.4125","31.899722",6,"1-Jan-71","19-Aug-02"
"259","48_141_0011","Convair Road","-106.4","31.798611",6,"1-Jan-71","30-Oct-93"
"260","48_141_0012","McCrae","-106.354167","31.791667",6,"1-Jan-71","31-Dec-74"
"261","48_141_0013","El Paso Natural Gas","-106.236111","31.808333",6,"1-Jan-72","31-Dec-75"
"262","48_141_0015","San Jose Road","-106.361111","31.738889",6,"1-Jan-72","27-Jun-88"
"263","48_141_0016","Trowbridge at Marlow","-106.407778","31.773333",6,"1-Jan-81","31-Dec-88"
"264","48_141_0017","Delta Fire Station","-106.411111","31.759722",6,"1-Jan-71","31-Dec-74"
"265","48_141_0018","Shelter Place","-106.438889","31.766667",6,"1-Jan-71","30-Jun-88"
"266","48_141_0019","Pershing","-106.454167","31.7875",6,"1-Jan-71","31-Dec-88"
"267","48_141_0020","Hercules Fire Station","-106.446111","31.855556",6,"1-Jan-71","31-Dec-74"
"268","48_141_0021","Thomas Manor Elementary School","-106.370833","31.726944",6,"1-Jan-72","31-Dec-81"
"269","48_141_0022","International Boundary","-106.525","31.783333",6,"1-Jun-72","31-Dec-81"
"270","48_141_0023","Kern Fire Station","-106.503611","31.743889",6,"1-Jan-71","31-Dec-81"
"271","48_141_0024","San Diego","-106.470833","31.7875",6,"1-Jan-72","31-Dec-86"
"272","48_141_0025","Zack White School","-106.591667","31.844167",6,"1-Jan-73","27-Jun-88"
"273","48_141_0027","EL PASO DOWNTOWN","-106.486667","31.763056",6,"1-Jan-73","16-Jan-04"
"274","48_141_0028","EL PASO EAST C30","-106.411111","31.751667",6,"1-Jan-74","1-Sep-99"
"275","48_141_0029","Ivanhoe","-106.3235781","31.7857687",6,"1-Jan-79",""
"276","48_141_0030","Socorro Road","-106.315278","31.678611",6,"1-Jan-79","30-Jun-88"
"277","48_141_0031","Paisano-Irrigation Gate Lock","-106.523056","31.783333",6,"1-Jan-79","27-Jun-88"
"278","48_141_0033","Kern","-106.5017115","31.7772059",6,"1-Jan-79","22-May-12"
"279","48_141_0036","Mulberry Avenue","-106.5925","31.853056",6,"1-Jan-81","30-Jun-88"
"280","48_141_0037","El Paso UTEP","-106.5012595","31.7682914",6,"1-Jan-81",""
"281","48_141_0038","Riverside","-106.3721","31.7338",6,"1-Jan-81",""
"282","48_141_0039","Teresita Church","-106.547222","31.807778",6,"1-Jan-83","31-Dec-88"
"283","48_141_0040","Althea Park","-106.501111","31.785",6,"1-Jan-83","27-Jun-88"
"284","48_141_0041","VILAS","-106.5004","31.7605",6,"1-Jan-83","31-Dec-03"
"285","48_141_0042","Krupp Drive","-106.5075","31.794722",6,"1-Jan-83","27-Jun-88"
"286","48_141_0043","Buford","-106.291111","31.652222",6,"6-Jan-91","31-Dec-99"
"287","48_141_0044","El Paso Chamizal","-106.4552272","31.7656854",6,"1-Apr-88",""
"288","48_141_0045","LINDBERGH","-106.588333","31.846667",6,"31-Aug-88","30-Jun-03"
"289","48_141_0047","Womble","-106.4131769","31.7759422",6,"13-Apr-93",""
"290","48_141_0050","Moon City","-106.284167","31.672778",6,"4-Jun-90","11-Sep-09"
"291","48_141_0051","Fort Bliss","-106.420556","31.801944",6,"1-Dec-90","30-Jan-14"
"292","48_141_0053","El Paso Sun Metro","-106.5010446","31.7585317",6,"1-Dec-90","5-Dec-12"
"293","48_141_0054","El Paso Lower Valley","-106.356022","31.7038461",6,"7-Jun-96",""
"294","48_141_0055","Ascarate Park SE","-106.4028059","31.7467753",6,"1-Sep-99",""
"295","48_141_0057","Socorro Hueco","-106.288","31.6675",6,"18-Nov-99",""
"296","48_141_0058","Skyline Park","-106.425827","31.8939133",6,"11-Jul-00",""
"297","48_141_0059","Clendenin School","-106.464186","31.8146081",6,"13-Apr-01","31-Jul-10"
"298","48_141_0101","Smeltertown","0","0",6,"1-Jan-78","31-Dec-78"
"299","48_141_0102","Phelps Dodge","0","0",6,"1-Jan-78","31-Dec-78"
"300","48_141_0693","Van Buren","-106.46452","31.81337",6,"5-Jul-10",""
"301","48_141_1002","Canutillo","-106.582778","31.882222",6,"1-Jan-72","31-Dec-75"
"302","48_141_1011","El Paso Delta","-106.407346","31.758476",6,"5-Aug-11","13-Aug-13"
"303","48_141_1021","Ojo De Agua","-106.5473","31.86247",6,"15-Apr-13",""
"304","48_149_0001","Fayette County","-96.7458748","29.9624745",11,"18-May-00",""
"305","48_157_0001","Radian-481570001","-95.635556","29.537222",12,"1-Jan-74","31-Dec-79"
"306","48_157_0002","Radian-481570002","-95.789722","29.475",12,"1-Jan-78","31-Dec-88"
"307","48_157_0003","Radian-481570003","-95.652778","29.415",12,"1-Jan-74","31-Dec-82"
"308","48_157_0004","Rosenburg Public Works","-95.798889","29.565",12,"1-Jan-90","31-Dec-90"
"309","48_157_0696","UH Sugarland","-95.6497","29.5741",12,"26-Feb-09",""
"310","48_167_0001","North City Building","-95.058333","29.466667",12,"1-Jan-76","27-Jun-88"
"311","48_167_0002","Moody College","-94.8","29.316667",12,"1-Jan-76","31-Dec-88"
"312","48_167_0003","Army Reserve Training Building","-94.820833","29.276944",12,"1-Jan-80","31-Mar-82"
"313","48_167_0004","Texas City Fire Station","-94.930833","29.384444",12,"1-Jan-72",""
"314","48_167_0005","Texas City Ball Park","-94.9315197","29.3852338",12,"20-Oct-97",""
"315","48_167_0012","Highway 519 at Highway 146","-94.948611","29.363889",12,"1-Jan-73","31-Dec-81"
"316","48_167_0013","Loop 197 at Highway 146","-94.929722","29.335556",12,"1-Jan-76","27-Jun-88"
"317","48_167_0014","GALVESTON AIRPORT","-94.8565681","29.263319",12,"1-Dec-93","22-Mar-07"
"318","48_167_0024","Banana &amp; 3rd","-94.95","29.363889",12,"1-Jan-72","31-Dec-73"
"319","48_167_0025","Clear Creek","-95.026389","29.545833",12,"1-Jan-72","31-Dec-81"
"320","48_167_0026","Galveston County Park","-95.1","29.509722",12,"1-Jan-72","31-Dec-81"
"321","48_167_0031","Air Control Lab","-94.9","29.383333",12,"1-Jan-72","22-Jun-89"
"322","48_167_0035","Shady Lane","-94.95","29.370833",12,"1-Jan-72","27-Jun-88"
"323","48_167_0042","Magnolia Street","-94.979167","29.365278",12,"1-Jan-72","31-Dec-72"
"324","48_167_0043","Washington &amp; Carver","-94.981944","29.383611",12,"1-Jan-75","31-Dec-81"
"325","48_167_0044","Texas City 5th &amp; Orchard","-94.9625","29.380556",12,"1-Jan-72","31-Dec-72"
"326","48_167_0045","Magnolia Street 2","-94.948611","29.397222",12,"1-Jan-72","31-Dec-73"
"327","48_167_0046","Loop 197 Lift Station","-94.908333","29.408333",12,"1-Jan-72","31-Dec-72"
"328","48_167_0047","Galveston 56 1/2 Street","-94.823611","29.283333",12,"1-Jan-72","27-Jun-88"
"329","48_167_0050","Texas City Dike","-94.809167","29.339167",12,"1-Jan-73","31-Dec-73"
"330","48_167_0051","Galveston County Hospital","-94.986667","29.395833",12,"1-Jan-74","11-Aug-83"
"331","48_167_0053","NESSLER POOL","-94.919444","29.39",12,"1-Jan-79","30-Jul-07"
"332","48_167_0056","Texas City 34th Street","-94.94712","29.4057",12,"1-Jun-03",""
"333","48_167_0571","Clear Creek High School","-95.070556","29.525556",12,"12-Sep-03",""
"334","48_167_0615","Texas City BP 31st Street (Site 1)","-94.94108","29.38145",12,"31-Dec-09",""
"335","48_167_0616","Texas City BP Onsite (Site 2)","-94.91544","29.36886",12,"23-Mar-10",""
"336","48_167_0621","Texas City BP Logan Street (Site 3)","-94.93022","29.380981",12,"7-Apr-10",""
"337","48_167_0683","Texas City 11th Street","-94.91019","29.3787",12,"1-Jan-10","31-Jul-16"
"338","48_167_0697","UH Coastal Center","-95.0414","29.3879",12,"31-Mar-10",""
"339","48_167_1001","Willowick","-95.198611","29.530556",12,"1-Jan-72","31-Dec-81"
"340","48_167_1002","TEXAS CITY","-94.933333","29.397778",12,"1-Jan-74","10-Jul-04"
"341","48_167_1003","Texas City North 5th &amp; 9th","-94.904167","29.388889",12,"1-Jan-72","31-Dec-81"
"342","48_167_1005","LEAGUE CITY COUNTY BLDG","-95.104444","29.503889",12,"1-Jan-99","1-Mar-03"
"343","48_167_1011","Texas City 16th &amp; Texas Avenue","-94.918056","29.383611",12,"1-Jan-72","31-Dec-81"
"344","48_167_1034","Galveston 99th Street","-94.8612886","29.2544736",12,"20-Mar-07",""
"345","48_167_1043","Texas City 1972-81","-94.981944","29.381944",12,"1-Jan-72","31-Dec-81"
"346","48_167_2001","Rosenburg Avenue","-94.795833","29.3",12,"1-Jan-59","31-Dec-81"
"347","48_167_3001","Carbide Park","-95","29.358333",12,"1-Jan-76","27-Jun-88"
"348","48_167_4001","League City East Main","-95.069444","29.525",12,"1-Jan-71","27-Jun-88"
"349","48_167_5001","USEPA-481675001","-94.920833","29.405",12,"1-Jan-59","31-Dec-71"
"350","48_167_5005","Galveston Airport KGLS","-94.864167","29.270278",12,"22-Jan-03",""
"351","48_175_0624","Coleto","-97.220882","28.720926",14,"10-Jul-10",""
"352","48_179_0001","Robert E. Lee JH School","-100.958333","35.5525",1,"1-Jan-72","31-Dec-81"
"353","48_181_0001","Grayson County Health Department","-96.535278","33.756944",4,"1-Jan-81","26-Dec-82"
"354","48_181_0002","Sherman Police Department","-96.611111","33.641667",4,"1-Jan-72","31-Dec-81"
"355","48_181_0003","Grayson County Health Department - Houston","-96.615278","33.635278",4,"1-Jan-74","31-Dec-81"
"356","48_183_0001","Longview","-94.7118107","32.3786823",5,"1-Jan-77",""
"357","48_183_0002","Longview Big Woods C605","-94.778889","32.617778",5,"23-Aug-00","22-Oct-01"
"358","48_187_0504","New Braunfels Airport","-98.0288889","29.7041667",13,"30-Aug-02",""
"359","48_187_0506","Seguin Outdoor Learning Center","-97.932222","29.588611",13,"26-Mar-03",""
"360","48_187_5004","New Braunfels Airport KBAZ","-98.0452778","29.7086111",13,"22-Jan-03",""
"361","48_189_0001","Plainview High School","-101.736389","34.180833",2,"1-Jan-75","31-Dec-81"
"362","48_199_0002","Kountze City Hall","-94.315556","30.381389",10,"1-Jan-89","31-Dec-93"
"363","48_201_0001","Roseland Park","-94.945833","29.723056",12,"1-Jan-67","11-Aug-83"
"364","48_201_0002","Park Court Water Tower","-94.980556","29.749444",12,"1-Jan-67","27-Dec-84"
"365","48_201_0003","Bayway Drive Fire Station","-95.029167","29.773056",12,"1-Jan-70","31-Dec-81"
"366","48_201_0004","McElroy Park","-95.011944","29.770278",12,"1-Dec-79","15-Jul-97"
"367","48_201_0005","Spring High School","-95.430833","30.051944",12,"1-Jan-72","31-Dec-81"
"368","48_201_0006","Channelview High School","-95.124167","29.791111",12,"1-Jan-72","31-Dec-81"
"369","48_201_0007","Houston City Health Department","-95.383889","29.720833",12,"1-Jan-68","27-Jun-95"
"370","48_201_0008","Aberdeen","-95.44","29.7",12,"1-Jan-67","31-Dec-81"
"371","48_201_0009","Bellaire","-95.511944","29.71",12,"1-Jan-67","22-Apr-88"
"372","48_201_0010","Alabama","-95.439167","29.740833",12,"1-Jan-67","27-Aug-89"
"373","48_201_0011","Bingle-Malibu","-95.483889","29.82",12,"1-Jan-68","31-Dec-81"
"374","48_201_0012","Fulton","-95.381667","29.856111",12,"1-Jan-67","31-Dec-81"
"375","48_201_0013","North Wayside","-95.284722","29.827222",12,"1-Jan-67","31-Dec-81"
"376","48_201_0014","Pearl","-95.282222","29.774722",12,"1-Jan-68","31-Dec-81"
"377","48_201_0015","Market","-95.203889","29.769444",12,"1-Jan-68","31-Dec-81"
"378","48_201_0016","Vicksburg","-95.1875","29.777778",12,"1-Jan-67","31-Dec-81"
"379","48_201_0017","Clinton-Federal","-95.213056","29.733056",12,"1-Jan-73","13-Apr-83"
"380","48_201_0018","Bulk Materials Plant","-95.175","29.747222",12,"1-Jan-73","31-Dec-81"
"381","48_201_0019","Port Houston Terminal Office","-95.202778","29.745833",12,"1-Jan-72","22-Apr-88"
"382","48_201_0020","Bethlehem Steel","-95.103056","29.751944",12,"1-Jan-73","13-Apr-83"
"383","48_201_0021","Brady Island","-95.275","29.720278",12,"1-Jan-76","31-Dec-81"
"384","48_201_0023","HL&amp;P Bertron Station","-95.052778","29.725",12,"1-Jan-73","13-Apr-83"
"385","48_201_0024","Houston Aldine","-95.3261373","29.9010364",12,"1-Jan-74",""
"386","48_201_0025","Bulk Materials Plant 2","-95.164444","29.748611",12,"1-Jan-79","13-Apr-83"
"387","48_201_0026","Channelview","-95.1254948","29.8027073",12,"1-Jan-80",""
"388","48_201_0029","Northwest Harris County","-95.6739508","30.039524",12,"1-Jan-81",""
"389","48_201_0030","Channelview North","-95.1287108","29.8542881",12,"6-Dec-05","2-Oct-07"
"390","48_201_0031","Cloverleaf","-95.171389","29.778611",12,"1-Jan-83","27-Dec-84"
"391","48_201_0036","Jacinto Port","-95.1051","29.7761",12,"19-Jul-06",""
"392","48_201_0038","Parkhurst","-95.285556","29.837778",12,"1-Jan-75","31-Dec-82"
"393","48_201_0039","Fuqua","-95.279167","29.6125",12,"1-Jan-75","31-Dec-84"
"394","48_201_0040","Jeannetta","-95.523889","29.733056",12,"1-Jan-76","31-Dec-88"
"395","48_201_0041","Seamist","-95.4375","29.801389",12,"1-Jan-76","27-Aug-89"
"396","48_201_0042","Hartsook","-95.228889","29.634167",12,"1-Jan-76","31-Dec-88"
"397","48_201_0043","Cullen","-95.355278","29.637778",12,"1-Jan-76","22-Apr-88"
"398","48_201_0044","Aberdeen 2","-95.438611","29.697222",12,"1-Jan-68","31-Dec-88"
"399","48_201_0045","BINGLE","-95.493889","29.834444",12,"1-Jan-76","1-Jan-99"
"400","48_201_0046","Houston North Wayside","-95.2840958","29.8280859",12,"1-Jan-76",""
"401","48_201_0047","Lang","-95.489167","29.834167",12,"1-Jan-78",""
"402","48_201_0048","Fulton 2","-95.382778","29.856667",12,"1-Jan-77","29-Dec-94"
"403","48_201_0049","Kress","-95.306944","29.775833",12,"1-Jan-78","31-Dec-81"
"404","48_201_0050","Market 2","-95.205278","29.7725",12,"1-Jan-78","31-Dec-81"
"405","48_201_0051","Houston Croquet","-95.474167","29.623889",12,"1-Jan-78",""
"406","48_201_0052","Clinton Drive","-95.276389","29.7275",12,"1-Jan-79","31-Dec-81"
"407","48_201_0053","Granada","-95.191667","29.787222",12,"1-Jan-79","31-Dec-81"
"408","48_201_0054","Kress 2","-95.3075","29.775833",12,"1-Jan-80","25-Oct-96"
"409","48_201_0055","Houston Bayland Park","-95.499219","29.6957294",12,"24-Mar-98",""
"410","48_201_0056","Gregg","-95.335833","29.776944",12,"13-Dec-80","31-Dec-88"
"411","48_201_0057","Galena Park","-95.238469","29.734231",12,"21-Oct-97",""
"412","48_201_0058","Baytown","-95.0312316","29.7706975",12,"25-Mar-98",""
"413","48_201_0059","MANCHESTER","-95.281111","29.705833",12,"1-Jan-81","21-Jan-98"
"414","48_201_0060","Houston Kirkpatrick","-95.2936223","29.8074146",12,"10-Feb-00",""
"415","48_201_0061","Shore Acres","-95.0181324","29.6150008",12,"28-May-98",""
"416","48_201_0062","Houston Monroe","-95.267222","29.625556",12,"1-Jan-84",""
"417","48_201_0063","Smith Branch Library","-95.35","29.725",12,"1-Jan-84","22-Apr-88"
"418","48_201_0064","ALLENDALE SUBDIVISION","-95.268889","29.699444",12,"19-Jan-93","1-May-99"
"419","48_201_0066","Houston Westhollow","-95.635833","29.723333",12,"1-Jul-94",""
"420","48_201_0068","Houston Wharton","-95.5428231","29.9475484",12,"1-Dec-93","3-May-12"
"421","48_201_0069","Milby Park","-95.2611301","29.7062492",12,"7-Apr-99",""
"422","48_201_0070","Houston Regional Office","-95.3156","29.73512",12,"3-May-00","15-Jun-12"
"423","48_201_0071","Pasadena HL&amp;P","-95.2013298","29.7164829",12,"17-Jul-00","31-Dec-16"
"424","48_201_0075","Houston Texas Avenue","-95.350278","29.752778",12,"30-Mar-01","24-Oct-16"
"425","48_201_0101","USEPA-482010101","0","0",12,"1-Jan-77","31-Dec-81"
"426","48_201_0307","Manchester/Central","-95.2599093","29.718799",12,"9-May-05",""
"427","48_201_0416","Park Place","-95.294722","29.686389",12,"22-Feb-06",""
"428","48_201_0551","Sheldon","-95.1602778","29.8586111",12,"17-Apr-02",""
"429","48_201_0552","Baytown Wetlands Center","-94.9847222","29.7330556",12,"11-Jun-03",""
"430","48_201_0553","Crosby Library","-95.0683333","29.9208333",12,"16-Jun-03",""
"431","48_201_0554","West Houston","-95.6569444","29.8330556",12,"24-Dec-03",""
"432","48_201_0555","Kingwood Library C555","-95.185","30.0547222",12,"1-Jan-04","18-Mar-10"
"433","48_201_0556","La Porte Sylvan Beach","-95.0097222","29.6552778",12,"1-Jan-04",""
"434","48_201_0557","Mercer Arboretum","-95.3811111","30.0380556",12,"12-Feb-04",""
"435","48_201_0558","Tom Bass","-95.3536111","29.5894444",12,"6-Feb-04",""
"436","48_201_0559","Katy Park","-95.8061111","29.8105556",12,"12-Mar-04",""
"437","48_201_0560","Atascocita","-95.235","29.961944",12,"29-Jul-04",""
"438","48_201_0561","Meyer Park","-95.5225","30.011667",12,"30-Jul-04",""
"439","48_201_0562","Bunker Hill Village","-95.538056","29.778333",12,"8-Oct-04",""
"440","48_201_0563","Huffman Wolf Road","-95.06147","30.05786",12,"21-Sep-10",""
"441","48_201_0570","Clear Brook High School","-95.1852778","29.5488889",12,"12-Sep-03",""
"442","48_201_0572","Clear Lake High School","-95.105","29.583333",12,"12-Sep-03",""
"443","48_201_0617","Wallisville Road","-94.99","29.821389",12,"30-May-03",""
"444","48_201_0669","TPC FTIR South","-95.252778","29.694722",12,"13-Jan-06",""
"445","48_201_0670","TPC FTIR North","-95.257222","29.701944",12,"1-Jan-06",""
"446","48_201_0671","Goodyear GC","-95.255","29.706111",12,"4-May-06",""
"447","48_201_0672","PASADENA  AAMS  C672","-95.2038208","29.6891592",12,"19-Jul-06","3-Mar-09"
"448","48_201_0673","Goodyear Houston Site #2","-95.256697","29.7023",12,"1-Oct-06",""
"449","48_201_0688","Pasadena AAMS C0688","&nbsp;","&nbsp;",12,"21-Mar-06","2-Mar-09"
"450","48_201_0695","UH Moody Tower","-95.3414","29.7176",12,"31-Mar-10",""
"451","48_201_0803","HRM #3 Haden Rd","-95.1785379","29.7647877",12,"14-Nov-92",""
"452","48_201_0804","HRM-4 Sheldon Rd C604","-95.131944","29.834722",12,"29-Nov-99","6-Dec-01"
"453","48_201_0807","HRM 7 BAYTOWN","-95.0175","29.768889",12,"29-Nov-99","7-Dec-01"
"454","48_201_0808","HRM-8 LaPorte C608","-95.056389","29.646111",12,"1-Nov-99","7-Dec-01"
"455","48_201_1001","Center at 13th","-95.123889","29.698056",12,"1-Jan-67","27-Dec-84"
"456","48_201_1002","Shell Oil Deer Park","-95.120556","29.728333",12,"1-Jan-73","13-Apr-83"
"457","48_201_1003","DEER PARK","-95.130833","29.679167",12,"1-Jan-81","23-Oct-96"
"458","48_201_1004","Cy-Fair High School","-95.653889","29.936667",12,"1-Jan-72","27-Dec-84"
"459","48_201_1005","Cullen-Mowery","-95.355278","29.6375",12,"1-Jan-67","31-Dec-81"
"460","48_201_1006","Cullen-Elgin","-95.345833","29.722778",12,"1-Jan-68","24-Jun-84"
"461","48_201_1008","Parkside-Strawberry","-95.193611","29.67",12,"1-Jan-83","27-Dec-84"
"462","48_201_1015","Lynchburg Ferry","-95.0813861","29.7616528",12,"24-Apr-03",""
"463","48_201_1017","Baytown Garth","-94.983786","29.823319",12,"5-Jun-12",""
"464","48_201_1018","Kress-Lyons","-95.308333","29.775",12,"1-Jan-71","31-Dec-81"
"465","48_201_1024","Memorial","-95.61","29.773056",12,"1-Jan-68","31-Dec-68"
"466","48_201_1025","Chimney Rock","-95.4825","29.646944",12,"1-Jan-67","31-Dec-81"
"467","48_201_1026","West 43rd","-95.440278","29.830278",12,"1-Jan-67","31-Dec-81"
"468","48_201_1027","Airport Boulevard","-95.280556","29.655556",12,"1-Jan-67","31-Dec-68"
"469","48_201_1028","Phillips Petroleum Adams Terminal","-95.187222","29.718333",12,"1-Jan-73","27-Dec-84"
"470","48_201_1029","Genoa","-95.198611","29.625278",12,"1-Jan-67","31-Dec-68"
"471","48_201_1034","Houston East","-95.2205822","29.7679965",12,"1-Jan-73",""
"472","48_201_1035","Clinton","-95.2575931","29.7337263",12,"1-Jan-72",""
"473","48_201_1037","HOUSTON CRAWFORD","-95.361667","29.751111",12,"17-Aug-71","27-Mar-01"
"474","48_201_1039","Houston Deer Park #2","-95.1285077","29.670025",12,"22-Oct-96",""
"475","48_201_1040","ELLINGTON FIELD","-95.173333","29.613056",12,"21-May-97","3-May-05"
"476","48_201_1041","SAN JACINTO MONUMENT","-95.083333","29.751944",12,"17-Apr-00","1-May-03"
"477","48_201_1042","Kingwood","-95.1897514","30.0584604",12,"15-Feb-01","20-Jan-17"
"478","48_201_1043","La Porte Airport C243","-95.0647","29.672",12,"9-Jun-05",""
"479","48_201_1049","Pasadena North","-95.2224669","29.716611",12,"1-Jul-08",""
"480","48_201_1050","Seabrook Friendship Park","-95.0155437","29.5830473",12,"29-Jul-01",""
"481","48_201_1052","Houston North Loop","-95.38769","29.81453",12,"13-Apr-15",""
"482","48_201_1054","Houston Hartwick","-95.352383","29.885356",12,"6-Dec-16","7-Apr-17"
"483","48_201_1066","Houston Southwest Freeway","-95.49265","29.7216",12,"22-Jan-14",""
"484","48_201_2001","Clinton Street","-95.240556","29.731667",12,"1-Jan-67","31-Dec-68"
"485","48_201_2002","Stewart Street","-95.238611","29.734444",12,"1-Jan-83","27-Jun-88"
"486","48_201_2003","Chambers Elementary School","-95.567778","29.698611",12,"1-Jan-72","31-Dec-81"
"487","48_201_2004","Hartsock","-95.228333","29.636944",12,"1-Jan-67","31-Dec-81"
"488","48_201_2005","West Harris","-95.218333","29.697778",12,"1-Jan-82","31-Dec-84"
"489","48_201_2006","San Jacinto Junior College","-95.118056","29.653889",12,"1-Jan-72","31-Dec-81"
"490","48_201_3001","USEPA-482013001","-95.370278","29.760556",12,"1-Jan-57","31-Dec-88"
"491","48_201_3002","North San Jacinto","-95.370278","29.756389",12,"1-Jan-67","31-Dec-81"
"492","48_201_3003","San Antonio-Manchester","-95.283889","29.720556",12,"1-Jan-67","31-Dec-81"
"493","48_201_4001","Jacinto City","-95.245","29.769444",12,"1-Jan-68","31-Dec-68"
"494","48_201_4002","Civic Center","-95.015833","29.659444",12,"1-Jan-73","31-Dec-81"
"495","48_201_4003","North Munger","-95.2","29.716667",12,"1-Jan-75","31-Dec-81"
"496","48_201_5001","La Porte Police Station","-95.025","29.663056",12,"1-Jan-67","31-Dec-68"
"497","48_201_5002","Shaw","-95.2125","29.713056",12,"1-Jan-67","12-Jun-97"
"498","48_201_6000","Cesar Chavez","-95.2535982","29.6843603",12,"11-Mar-04",""
"499","48_201_6001","USEPA-482016001","0","0",12,"1-Jan-67","31-Dec-69"
"500","48_201_7001","Seabrook Intermediate School","-95.016667","29.571944",12,"1-Jan-78","1-Jan-83"
"501","48_201_8001","South Houston Fire Station","-95.238889","29.665556",12,"1-Jan-72","31-Dec-81"
"502","48_201_9001","Tomball High School","-95.621944","30.091944",12,"1-Jan-72","31-Dec-81"
"503","48_203_0002","Karnack","-94.1674569","32.6689873",5,"30-Jun-01",""
"504","48_203_0003","Waskom C612","-94.063889","32.421111",5,"21-May-02","21-Oct-03"
"505","48_203_1079","Hallsville Red Oak Road","-94.4815","32.4702",5,"6-Dec-16",""
"506","48_209_0001","Dunbar School","-97.933333","29.879167",11,"1-Jan-71","31-Dec-75"
"507","48_209_0002","Hays County Health Department","-97.933333","29.881389",11,"1-Jan-75","31-Dec-81"
"508","48_209_0614","Dripping Springs School","-98.0833473","30.2146162",11,"11-Mar-03",""
"509","48_209_0675","CAPCOG San Marcos","-97.948333","29.890833",11,"2-Jun-06","14-Sep-11"
"510","48_209_1675","CAPCOG San Marcos Staples Road","-97.928856","29.862281",11,"20-Sep-11",""
"511","48_215_0001","McAllen Health Department","-98.241667","26.205833",15,"1-Jan-66","31-Dec-81"
"512","48_215_0002","Progresso Elementary School","-97.966667","26.088889",15,"1-Jan-74","31-Dec-81"
"513","48_215_0003","Runn Elementary School","-98.058333","26.083611",15,"1-Jan-74","31-Dec-78"
"514","48_215_0004","KGBT Radio","-97.9","26.383333",15,"1-Jan-74","31-Dec-79"
"515","48_215_0042","Edinburg","-98.1831011","26.309858",15,"7-Jan-95","28-Oct-08"
"516","48_215_0043","Mission","-98.291069","26.2262097",15,"1-Jul-95",""
"517","48_215_1001","Texas A&amp;I University","-97.958333","26.165278",15,"1-Jan-74","31-Dec-81"
"518","48_215_1003","Bicentennial at Maple","-98.235833","26.2175",15,"1-Jan-81","26-Jun-88"
"519","48_215_1046","Edinburg East Freddy Gonzalez Drive","-98.152066","26.288622",15,"8-Jul-15",""
"520","48_215_1048","Mercedes","-97.9372883","26.1310725",15,"29-Oct-08","10-Oct-12"
"521","48_221_0001","Granbury","-97.8035291","32.4423044",4,"9-May-00",""
"522","48_227_0001","Big Spring Fire Station #3","-101.466667","32.248056",7,"1-Jan-71","31-Dec-77"
"523","48_227_0002","Howard County Courthouse","-101.476944","32.251389",7,"1-Jan-75","23-Aug-83"
"524","48_227_1072","Big Spring Midway","-101.407222","32.280278",7,"3-Dec-16",""
"525","48_231_1006","Greenville","-96.1155717","33.1530882",4,"20-Mar-03",""
"526","48_233_1073","Borger FM 1559","-101.4401","35.6762",1,"2-Nov-16",""
"527","48_243_0001","Jeff Davis County Courthouse","-103.883333","30.583333",6,"1-Jan-74","31-Dec-74"
"528","48_243_0002","McDonald Observatory 1974-75","-104.008333","30.666667",6,"1-Jan-74","31-Dec-75"
"529","48_243_0003","McDonald Observatory 1976-81","-104.008333","30.666667",6,"1-Jan-76","31-Dec-81"
"530","48_243_0004","McDonald Observatory","-104.0246568","30.6693621",6,"18-Mar-02","7-Aug-11"
"531","48_245_0001","Beaumont Health Department","-94.093333","30.058333",10,"1-Jan-59","31-Dec-88"
"532","48_245_0002","Port Neches Avenue B","-93.958333","29.991667",10,"1-Jan-71","31-Dec-79"
"533","48_245_0003","Jefferson County Airport 1971-81","-94.016667","29.954167",10,"1-Jan-71","31-Dec-81"
"534","48_245_0004","Gulf States Utilities Neches Station","-94.045833","30.064722",10,"1-Jan-73","31-Dec-73"
"535","48_245_0005","Beaumont Water Plant","-94.095833","30.098056",10,"1-Jan-71","31-Dec-73"
"536","48_245_0006","Beaumont Avenue","-93.934444","29.870278",10,"1-Jan-73","31-Dec-79"
"537","48_245_0007","Lampman Drive Fire Station","-94.175833","30.131667",10,"1-Jan-76","31-Dec-81"
"538","48_245_0008","Lamar University","-94.079167","30.041667",10,"1-Jan-79","31-Dec-81"
"539","48_245_0009","Beaumont Downtown","-94.0710606","30.0364221",10,"1-Jan-80",""
"540","48_245_0010","Tyrell School","-93.896944","29.718056",10,"1-Jan-81","1-Jan-85"
"541","48_245_0011","Port Arthur West","-93.9910842","29.8975163",10,"1-Jan-81",""
"542","48_245_0014","Groves","-93.895928","29.9611242",10,"1-Sep-93",""
"543","48_245_0017","Port Neches Avenue L","-93.9528657","29.9825311",10,"25-Jul-94",""
"544","48_245_0018","Jefferson County Airport","-94.00077","29.9427981",10,"1-Oct-94",""
"545","48_245_0019","City Service Center / PA","-93.9792618","29.8938491",10,"9-May-97",""
"546","48_245_0020","CARROLL STREET PARK","-94.0773862","30.0660458",10,"18-Nov-97","30-Jul-08"
"547","48_245_0021","Port Arthur Memorial School","-93.9090184","29.9228943",10,"6-Mar-00",""
"548","48_245_0022","Hamshire","-94.3178017","29.8639574",10,"10-Feb-00",""
"549","48_245_0101","SETRPC  40  Sabine Pass","-93.8940805","29.7279314",10,"1-Jan-00",""
"550","48_245_0102","SETRPC 43 Jefferson Co Airport","-94.0006841","29.9427514",10,"5-Aug-08",""
"551","48_245_0628","SETRPC Port Arthur","-93.951163","29.867756",10,"5-Oct-04",""
"552","48_245_1001","Hogaboom Road","-93.925","29.966667",10,"1-Jan-66","31-Dec-69"
"553","48_245_1004","McKinley Water Station","-93.916667","29.958333",10,"1-Jan-71","31-Dec-71"
"554","48_245_1005","Port Arthur Service Center","-93.979167","29.895833",10,"1-Jan-71","1-Jul-75"
"555","48_245_1006","Neches Drive","-93.945833","29.983056",10,"1-Jan-71","31-Dec-71"
"556","48_245_1008","Port Arthur Main Sewage Plant","-93.879167","29.929167",10,"1-Jan-73","31-Dec-73"
"557","48_245_1009","Memorial Blvd","-93.943333","29.909444",10,"1-Nov-79","31-Dec-88"
"558","48_245_1010","Chriswell","-94.095556","30.096944",10,"3-Sep-92","30-Dec-96"
"559","48_245_1035","Nederland High School","-94.0108717","29.9789255",10,"30-Aug-06",""
"560","48_245_1050","Beaumont Mary","-94.0909236","30.0671163",10,"13-Oct-10","24-Sep-15"
"561","48_245_1071","Port Arthur 7th Street","-93.962194","29.84855",10,"30-Sep-16",""
"562","48_245_2001","Winnie &amp; Hamshire","-94.3375","29.833333",10,"1-Jan-73","31-Dec-73"
"563","48_245_2003","Orchard Street","-93.929167","29.970833",10,"1-Jan-71","31-Dec-71"
"564","48_245_2004","West 90th Street","-94.002778","29.943056",10,"1-Jan-79","31-Dec-81"
"565","48_245_2005","Port Neches Sewage Plant","-93.945833","29.945833",10,"1-Jan-71","31-Dec-74"
"566","48_245_3001","Memorial &amp; 32nd","-93.941111","29.914444",10,"1-Jan-67","31-Dec-71"
"567","48_245_3004","Picton Towing","-93.958333","29.8375",10,"1-Jan-73","31-Dec-73"
"568","48_245_4004","Park Street","-93.953889","29.965556",10,"1-Jan-72","1-Jul-75"
"569","48_251_0001","Cleburne State Park","-97.547778","32.251667",4,"1-Jan-81","26-Jul-86"
"570","48_251_0002","Cleburne City Service Center","-97.403333","32.387222",4,"20-Feb-90","31-Dec-90"
"571","48_251_0003","Cleburne Airport","-97.4367419","32.3535945",4,"10-May-00",""
"572","48_251_1008","Johnson County Luisa","-97.169271","32.469701",4,"23-Nov-10",""
"573","48_251_1063","Mansfield Flying L Lane","-97.1175","32.5418",4,"1-Oct-12",""
"574","48_251_1501","Godley FM2331","-97.526759","32.481821",4,"13-Jul-13",""
"575","48_253_0001","South Swenson","-99.799444","32.9425",3,"1-Jan-84","10-Mar-86"
"576","48_255_1070","Karnes County","-97.888183","28.880314",13,"17-Dec-14",""
"577","48_257_0001","Colquitt Road","-96.311667","32.760556",4,"1-Mar-91","31-Dec-91"
"578","48_257_0002","Tejas Drive","-96.318889","32.725",4,"24-May-92","26-May-93"
"579","48_257_0003","South Virgina Street","-96.276667","32.724444",4,"4-Aug-92","30-Dec-96"
"580","48_257_0005","Kaufman","-96.3176873","32.5649684",4,"11-Sep-00",""
"581","48_257_0020","Terrell Temtex","-96.317911","32.731919",4,"22-Dec-10",""
"582","48_273_0314","National Seashore","-97.2986922","27.4269813",14,"25-Oct-02",""
"583","48_285_0649","Halletsville","-96.9325","29.447222",14,"29-Aug-05","7-Nov-06"
"584","48_291_0089","Liberty Municipal Park","-94.783056","30.086111",12,"1-Jan-88","31-Dec-88"
"585","48_291_0699","UH West Liberty","-94.9781","30.0583",12,"31-Mar-10",""
"586","48_303_0001","Lubbock","-101.847594","33.590851",2,"1-Jan-61","22-Jun-05"
"587","48_303_0002","Fire Station #2","-101.866667","33.5725",2,"1-Jan-70","27-Aug-76"
"588","48_303_0003","Lubbock 51st &amp; Wayne","-101.917778","33.548056",2,"1-Jan-71","31-Dec-73"
"589","48_303_0004","Wolfforth Post Office","-102.008333","33.508056",2,"1-Jan-71","31-Dec-73"
"590","48_303_0005","Lubbock 51st Street","-101.847222","33.548056",2,"1-Jan-71","31-Dec-73"
"591","48_303_0006","Vanda","-101.904167","33.567222",2,"1-Jan-71","31-Dec-73"
"592","48_303_0008","Globe","-101.938889","33.580556",2,"1-Jan-71","31-Dec-73"
"593","48_303_0009","Frankfort","-101.938889","33.580556",2,"1-Jan-71","31-Dec-73"
"594","48_303_0010","Lubbock 19th Street","-101.866389","33.541944",2,"1-Jan-71","31-Dec-73"
"595","48_303_0011","Lubbock 20th Street","-101.8675","33.578333",2,"1-Jan-71","31-Dec-71"
"596","48_303_0012","Lubbock 14th Street","-101.841667","33.582778",2,"1-Jan-71","31-Dec-72"
"597","48_303_0013","East 17th Street","-101.797222","33.580278",2,"1-Jan-71","31-Dec-73"
"598","48_303_0014","Erskine","-101.884722","33.606667",2,"1-Jan-71","31-Dec-73"
"599","48_303_0015","Harvard","-101.850833","33.611667",2,"1-Jan-71","31-Dec-73"
"600","48_303_0017","Lubbock Airport","-101.819444","33.659444",2,"1-Jan-71","31-Dec-73"
"601","48_303_0020","Lubbock 73rd Street","-101.856389","33.528333",2,"1-Jan-72","1-Jul-78"
"602","48_303_0021","Zenith Fire Station","-101.808333","33.588611",2,"1-Jan-72","1-Jul-78"
"603","48_303_0023","Lubbock State School","-101.870833","33.619167",2,"1-Jan-77","31-Dec-80"
"604","48_303_0025","Wolfforth City Limits","-102.004444","33.510556",2,"9-Feb-94","18-May-95"
"605","48_303_0325","Lubbock-PM25","-101.8504183","33.5907784",2,"20-Aug-08","17-Nov-14"
"606","48_303_1001","Idalou City Hall","-101.683333","33.6625",2,"1-Jan-71","31-Dec-73"
"607","48_303_1002","Slaton City Hall","-101.6375","33.433333",2,"1-Jan-71","31-Dec-73"
"608","48_303_1003","Shallowater Tower","-101.991667","33.69",2,"1-Jan-71","31-Dec-73"
"609","48_303_1028","Lubbock 12th Street","-101.78698","33.58553",2,"13-Aug-16",""
"610","48_309_0001","USEPA-483090001","-97.122222","31.556944",9,"1-Jan-58","31-Dec-74"
"611","48_309_0007","Bosque Blvd","-97.163889","31.548056",9,"1-Jan-73","31-Dec-88"
"612","48_309_0008","Washington Park","-97.132222","31.558889",9,"1-Jan-76","31-Dec-81"
"613","48_309_1002","WACO","-97.200556","31.520556",9,"1-Jan-00","1-Apr-03"
"614","48_309_1037","Waco Mazanec","-97.0706982","31.6530743",9,"16-Apr-07",""
"615","48_309_5010","Waco KACT","-97.230556","31.611389",9,"2-Sep-05",""
"616","48_311_0001","McMullen County Courthouse","-98.548611","28.461944",16,"1-Jan-75","31-Dec-79"
"617","48_315_0050","CYPRESS RIVER AIRPORT","-94.303333","32.742778",5,"22-Apr-98","30-Jun-01"
"618","48_321_0001","USEPA-483210001","-95.973333","28.685278",12,"1-Jan-65","31-Dec-80"
"619","48_323_0003","Maverick County Tax Office","-100.5","28.683333",16,"1-Jan-71","31-Dec-77"
"620","48_323_0004","Eagle Pass","-100.4511555","28.704607",16,"1-Jun-05",""
"621","48_329_0001","Midland City Hall","-102.070833","32.006389",7,"1-Jan-71","2-Dec-82"
"622","48_329_0002","Midland Civic Center","-102.074167","31.997778",7,"1-Jan-83","27-Dec-84"
"623","48_331_1075","Rockdale John D. Harper Road","-97.076111","30.569444",9,"19-Nov-16",""
"624","48_337_1507","Bowie Patterson Street","-97.829658","33.55896",3,"31-Oct-13",""
"625","48_339_0001","West Davis","-95.483333","30.321111",12,"1-Jan-75","31-Dec-76"
"626","48_339_0078","Conroe Relocated","-95.4251278","30.3503017",12,"1-Oct-01",""
"627","48_339_0088","Gulf States Utilities","-95.452222","30.338056",12,"1-Jan-88","31-Dec-88"
"628","48_339_0089","CONROE","-95.421667","30.353889",12,"1-Oct-99","1-Jun-02"
"629","48_339_0698","UH WG Jones Forest","-95.4832","30.2362",12,"31-Mar-10",""
"630","48_339_5006","Conroe Airport KCXO","-95.413889","30.356667",12,"22-Jan-03",""
"631","48_341_0001","Dumas Junior High School","-101.963611","35.860278",1,"1-Jan-75","31-Dec-76"
"632","48_343_0001","Lone Star Steel Works","-94.710278","32.918611",5,"1-Jan-82","1-May-83"
"633","48_343_0002","Lone Star City Hall","-94.713889","32.938889",5,"1-Jan-83","27-Dec-84"
"634","48_347_0001","SFA University Forestry Building","-94.647222","31.628056",10,"1-Jan-75","1-Jan-77"
"635","48_347_0002","Nacodoches Fire Station","-94.675","31.5775",10,"1-Jan-82","24-Jul-83"
"636","48_349_0001","Corsicana Library","-96.466389","32.091944",4,"1-Jan-81","10-Oct-83"
"637","48_349_1051","Corsicana Airport","-96.3991408","32.0319335",4,"16-Jun-09",""
"638","48_349_1081","Richland Southeast 1220 Road","-96.352","31.9041",4,"16-Nov-16",""
"639","48_349_5014","Corsicana KCRS","-96.400556","32.028056",4,"1-Aug-05",""
"640","48_351_0639","Newton NTRD C639","-93.7419444","30.8847222",10,"22-Jul-05","7-Nov-06"
"641","48_355_0001","Morgan Street","-97.423611","27.777222",14,"1-Jan-57","31-Dec-88"
"642","48_355_0002","Upper River Road","-97.539444","27.833889",14,"1-Jan-64","31-Dec-69"
"643","48_355_0003","Corpus Christi Fire Station #7","-97.3875","27.737778",14,"1-Jan-69","26-Jun-88"
"644","48_355_0004","Bulk Materials Dock","-97.455556","27.818889",14,"1-Jan-69","1-Jul-78"
"645","48_355_0005","US Weather Bureau","-97.501389","27.774722",14,"1-Jan-70","30-Jul-84"
"646","48_355_0006","Holly Road Water Pump House","-97.391667","27.704167",14,"1-Jan-71","31-Dec-71"
"647","48_355_0007","Kostoryz Fire Station","-97.413889","27.727778",14,"1-Jan-71","31-Dec-79"
"648","48_355_0008","Louisiana Fire Station","-97.395833","27.766667",14,"1-Jan-71","31-Dec-79"
"649","48_355_0009","South Caranchua Fire Station","-97.397778","27.788056",14,"1-Jan-71","31-Dec-74"
"650","48_355_0010","La Retama Library","-97.393889","27.797778",14,"1-Jan-71","31-Dec-71"
"651","48_355_0011","Horne Road Fire Station","-97.431944","27.759722",14,"1-Jan-71","31-Dec-79"
"652","48_355_0012","Corpus Christi Fire Station #5","-97.426944","27.796667",14,"1-Jan-71","30-Dec-96"
"653","48_355_0013","Navigation Boulevard Fire Station","-97.395833","27.814722",14,"1-Jan-71","31-Dec-79"
"654","48_355_0014","Flour Bluff Health Department Annex","-97.269444","27.661389",14,"1-Jan-71","31-Dec-71"
"655","48_355_0015","Rand Morgan Road Fire Station","-97.547222","27.819722",14,"1-Jan-71","30-Jul-84"
"656","48_355_0016","Cantwell Lane","-97.434722","27.820833",14,"1-Jan-70","31-Dec-78"
"657","48_355_0017","Pipe Line Sign Navigation Boulevard","-97.429167","27.825",14,"1-Jan-73","31-Dec-76"
"658","48_355_0019","Old Galveston Road","-97.433333","27.789444",14,"1-Jan-73","31-Dec-81"
"659","48_355_0020","NAVIGATION","-97.454167","27.806944",14,"1-Jan-73","30-Sep-02"
"660","48_355_0021","Horne Road","-97.428611","27.757778",14,"1-Jan-77","31-Dec-79"
"661","48_355_0022","West Guth Park","-97.5525","27.833889",14,"1-Jan-77","31-Dec-81"
"662","48_355_0023","Navigation Blvd","-97.445556","27.824722",14,"1-Jan-80","31-Dec-88"
"663","48_355_0024","Leopard Street","-97.5875","27.847222",14,"1-Jan-80","30-Jun-88"
"664","48_355_0025","Corpus Christi West","-97.4342619","27.7653399",14,"1-Jan-81",""
"665","48_355_0026","Corpus Christi Tuloso","-97.5553798","27.8324089",14,"1-Jan-84",""
"666","48_355_0029","Corpus Christi Hillcrest","-97.419258","27.8075444",14,"1-Nov-94",""
"667","48_355_0030","CORPUS CHRISTI POTH","-97.434444","27.807778",14,"22-Jul-93","4-Oct-98"
"668","48_355_0032","Corpus Christi Huisache","-97.4315816","27.8045054",14,"6-Aug-97",""
"669","48_355_0034","Dona Park","-97.4657031","27.8118166",14,"31-Jan-01",""
"670","48_355_0035","Oak Park","-97.433889","27.798889",14,"2-Dec-04","23-May-16"
"671","48_355_0036","Port Grain Elevator","-97.4197222","27.8175",14,"1-Dec-04","23-May-16"
"672","48_355_0037","J.I Hailey","-97.4325","27.8244444",14,"30-Nov-04","23-May-16"
"673","48_355_0038","Inner Harbor","-97.5255556","27.8452778",14,"29-Nov-04","15-May-12"
"674","48_355_0039","FHR Easement","-97.5288889","27.8272222",14,"29-Nov-04","23-May-16"
"675","48_355_0041","Solar Estates","-97.5436111","27.8291667",14,"1-Dec-04","31-May-17"
"676","48_355_0083","Corpus Christi Palm","-97.4198783","27.8028877",14,"18-May-10",""
"677","48_355_0660","Holly Road","-97.3875","27.703056",14,"18-Jan-06",""
"678","48_355_0664","Violet","-97.619444","27.757778",14,"12-Jan-06",""
"679","48_355_1024","Williams Park","-97.4137626","27.8038056",14,"8-Aug-05",""
"680","48_361_0001","Orange 7th at Elm","-93.736111","30.096667",10,"1-Jan-66","31-Dec-71"
"681","48_361_0002","Orange Health Department","-93.736111","30.096667",10,"1-Jan-67","31-Dec-76"
"682","48_361_1001","West Orange","-93.7613411","30.0852629",10,"1-Jan-74",""
"683","48_361_1083","Orange 1st Street","-93.725897","30.153675",10,"3-Oct-16",""
"684","48_361_1100","SETRPC 42 Mauriceville","-93.8672365","30.1945576",10,"1-Jan-99",""
"685","48_363_1502","Mineral Wells 23rd Street","-98.091641","32.818671",4,"21-Aug-13",""
"686","48_365_0627","Panola C627","-94.051667","32.355556",5,"5-Jul-04","30-Oct-06"
"687","48_367_0080","Weatherford Agricultural College","-97.831944","32.761111",4,"1-Jun-88","31-Dec-88"
"688","48_367_0081","Parker County","-97.9059308","32.8687727",4,"26-Jul-00",""
"689","48_367_1506","Weatherford Highway 180","-97.730285","32.758655",4,"13-Oct-13",""
"690","48_373_9001","C1027-Alabama-Coushatta-TX","-94.673889","30.701667",10,"13-Apr-05","17-Oct-08"
"691","48_375_0001","Northwest Texas Hospital","-101.858333","35.214722",1,"1-Jan-61","31-Dec-71"
"692","48_375_0002","City-County Health Unit","-101.860833","35.212778",1,"1-Jan-69","21-Apr-88"
"693","48_375_0003","Air Terminal Fire Station","-101.711944","35.213333",1,"1-Jan-75","1-Jan-77"
"694","48_375_0004","Van Buren &amp; 4th","-101.840278","35.21",1,"6-Sep-90","9-Jul-96"
"695","48_375_0005","AMARILLO DOWNTOWN","-101.831944","35.209444",1,"12-Jul-96","11-Apr-05"
"696","48_375_0024","Amarillo SH 136","-101.7156402","35.2802728",1,"25-Apr-10",""
"697","48_375_0320","Amarillo A&amp;M","-101.9092746","35.2015922",1,"12-Apr-05",""
"698","48_375_1025","Amarillo 24th Avenue","-101.787405","35.236736",1,"16-Oct-13",""
"699","48_375_1077","Amarillo Xcel El Rancho","-101.7418","35.3165",1,"16-Dec-16",""
"700","48_387_0648","Clarksville NTRD C648","-95.06","33.619722",5,"26-Jul-05","15-Dec-06"
"701","48_395_1076","Franklin Oak Grove","-96.481944","31.168889",9,"13-Oct-16",""
"702","48_397_0001","Rockwall Heath","-96.4592108","32.936523",4,"8-Aug-00",""
"703","48_397_0081","East Fate Main Place","-96.369444","32.943056",4,"1-Jun-88","31-Dec-88"
"704","48_405_0646","San Augustine Airport NTRD","-94.170278","31.539444",10,"27-Jul-05","15-Dec-06"
"705","48_409_0001","SFA Elementary","-97.291667","27.923611",14,"1-Jan-77","31-Dec-79"
"706","48_409_0002","Odem","-97.588889","27.940556",14,"1-Jan-81","1-Jan-85"
"707","48_409_0659","Aransas Pass","-97.148611","27.886667",14,"22-Jan-06","30-May-16"
"708","48_409_0685","Ingleside","-97.249167","27.901667",14,"29-Jun-07",""
"709","48_409_0686","Odem-SEP","-97.538056","27.924722",14,"11-Dec-06","30-May-16"
"710","48_409_0687","Taft-SEP","-97.408611","27.923333",14,"7-May-07","30-May-16"
"711","48_411_0653","Millpond PK San Saba","-98.711944","31.187222",9,"3-Sep-05","7-Mar-06"
"712","48_415_0001","Snyder Water Purification Plant","-100.910556","32.706667",3,"1-Jan-76","1-Jan-79"
"713","48_423_0001","USEPA-484230001","-95.3075","32.355833",5,"1-Jan-63","31-Dec-69"
"714","48_423_0002","Tyler Fire Station","-95.3","32.3525",5,"1-Jan-69","4-Apr-87"
"715","48_423_0003","South Vine Street","-95.326389","32.351389",5,"5-Apr-90","27-Jul-96"
"716","48_423_0004","at Tyler Airport","-95.409722","32.358056",5,"4-Nov-97","18-May-00"
"717","48_423_0005","WINONA ELEMENTARY SCHOOL","-95.183333","32.492222",5,"20-Jun-94","19-Mar-97"
"718","48_423_0006","Teague","-95.265556","32.338611",5,"1-Aug-96","30-Dec-96"
"719","48_423_0007","Tyler Airport Relocated","-95.4157515","32.3440079",5,"25-May-00",""
"720","48_439_0001","South Collin","-97.096667","32.703056",4,"1-Jan-72","31-Dec-76"
"721","48_439_0002","Arlington City Hall Annex","-97.115833","32.736667",4,"1-Jan-72","31-Dec-75"
"722","48_439_0003","Randol Mill Park","-97.135833","32.756389",4,"1-Jan-72","31-Dec-73"
"723","48_439_0004","Randol Mill Park Fire Station","-97.053889","32.75",4,"1-Jan-72","31-Dec-84"
"724","48_439_0005","Arlington Municipal Airport 1977-81","-97.1","32.663889",4,"1-Jan-77","31-Dec-81"
"725","48_439_0006","Azle Avenue","-97.383333","32.803056",4,"1-Jan-69","31-Dec-81"
"726","48_439_0007","Schwartz","-97.331944","32.798611",4,"1-Jan-69","31-Dec-80"
"727","48_439_0008","Eagle","-97.295","32.779722",4,"1-Jan-69","31-Dec-71"
"728","48_439_0009","Dean Road","-97.412222","32.735278",4,"1-Jan-69","31-Dec-70"
"729","48_439_0010","Meadowbrook","-97.261667","32.745833",4,"1-Jan-69","31-Dec-70"
"730","48_439_0011","Handley","-97.218056","32.734167",4,"1-Jan-69","31-Dec-80"
"731","48_439_0012","Avenue I","-97.275556","32.728333",4,"1-Jan-69","31-Dec-80"
"732","48_439_0013","Wilbarger","-97.250556","32.698611",4,"1-Jan-69","31-Dec-71"
"733","48_439_0014","Witchita","-97.28","32.695",4,"1-Jan-69","31-Dec-70"
"734","48_439_0015","Lipscomb","-97.332778","32.726111",4,"1-Jan-69","30-Jun-71"
"735","48_439_0016","Felix","-97.3225","32.676389",4,"1-Jan-70","31-Dec-78"
"736","48_439_0017","Hulen","-97.395","32.657778",4,"1-Jan-69","31-Dec-80"
"737","48_439_0018","University Drive","-97.350556","32.738056",4,"1-Jan-71","31-Dec-71"
"738","48_439_0019","Cherry Lane","-97.455556","32.734722",4,"1-Jan-71","30-Jun-81"
"739","48_439_0020","Geddes","-97.412778","32.728333",4,"1-Jan-75","31-Dec-75"
"740","48_439_0021","Cherry Street","-97.335","32.716111",4,"1-Jan-71","20-Apr-78"
"741","48_439_0022","Commerce Fire Station","-97.329722","32.755",4,"1-Jan-72","18-Apr-78"
"742","48_439_0023","Worth Heights Elementary","-97.321944","32.695278",4,"1-Jan-82","30-Dec-96"
"743","48_439_0024","Azle Fire Station","-97.383333","32.803333",4,"1-Jan-80","30-Dec-87"
"744","48_439_0025","Cherry Lane 2","-97.452778","32.725",4,"1-Jan-80","13-Feb-84"
"745","48_439_0026","Wesleyan Avenue","-97.279167","32.732778",4,"30-Oct-80","23-Dec-87"
"746","48_439_0029","EAST OF FAA &amp; AMERICAN INTERSECTION","-97.063889","32.831389",4,"21-Apr-88","7-Mar-00"
"747","48_439_0057","Arlington Office","-97.093611","32.706944",4,"19-Feb-98","11-Jul-01"
"748","48_439_0060","NE OF DIAZ AVE &amp; GUILFORD RD. INTERSECTION","-97.412778","32.728056",4,"28-Aug-75","27-Dec-01"
"749","48_439_0061","Schwartz Roof","-97.331944","32.798611",4,"1-Jan-71","8-Mar-83"
"750","48_439_0062","Northeast 36th","-97.353889","32.736111",4,"1-Jan-83","21-Jun-88"
"751","48_439_0063","FORT WORTH PORTALES","-97.468889","32.741667",4,"1-Jan-85","7-Apr-02"
"752","48_439_0066","Handley Church Roof","-97.218056","32.733889",4,"1-Jan-71","31-Dec-80"
"753","48_439_0067","East Felix","-97.3225","32.676389",4,"1-Jan-71","31-Dec-75"
"754","48_439_0068","University  at Harley","-97.350556","32.738056",4,"1-Jan-72","27-Jun-88"
"755","48_439_0069","Cherry at Elizabeth","-97.455556","32.734722",4,"1-Jan-71","31-Dec-75"
"756","48_439_0070","Felix at Vermont","-97.323056","32.675556",4,"1-Jan-78","27-Jun-88"
"757","48_439_0075","Eagle Mountain Lake","-97.4771754","32.9878908",4,"6-Jun-00",""
"758","48_439_0089","Fort Worth Yuma","-97.308013","32.700483",4,"2-Jul-10","16-Sep-10"
"759","48_439_0097","Fort Worth Berry","-97.310001","32.70299",4,"2-Jul-10","16-Sep-10"
"760","48_439_1001","Trinity High School","-97.098056","32.841389",4,"1-Jan-75","31-Dec-81"
"761","48_439_1002","Fort Worth Northwest","-97.3565675","32.8058183",4,"1-Jan-75",""
"762","48_439_1003","FIRE DEPT DOWNTOWN","-97.328056","32.759722",4,"1-Jan-76","31-Dec-01"
"763","48_439_1004","University Drive 2","-97.360556","32.7575",4,"1-Jan-69","31-Dec-75"
"764","48_439_1005","Grand Avenue","-97.345833","32.773333",4,"1-Jan-69","31-Dec-71"
"765","48_439_1006","Haws Athletic Center","-97.3423337","32.7591432",4,"1-Apr-01",""
"766","48_439_1009","Everman Johnson Park","-97.290353","32.621136",4,"28-Jun-11",""
"767","48_439_1018","Arlington UT Campus","-97.108333","32.726111",4,"20-Sep-12",""
"768","48_439_1053","Fort Worth California Parkway North","-97.338056","32.664722",4,"12-Mar-15",""
"769","48_439_1062","Kennedale Treepoint Drive","-97.200278","32.658889",4,"29-Jun-12",""
"770","48_439_1065","Fort Worth Joe B. Rushing Road","-97.2911778","32.6724056",4,"17-Sep-13",""
"771","48_439_1503","Fort Worth Benbrook Lake","-97.442658","32.646711",4,"1-Oct-13",""
"772","48_439_2001","USEPA-484392001","-97.333611","32.750278",4,"1-Jan-58","31-Dec-81"
"773","48_439_2002","TCEQ-484392002","-97.353333","32.944167",4,"1-Jan-81","31-Dec-82"
"774","48_439_2003","Keller","-97.282088","32.9224736",4,"11-Feb-81",""
"775","48_439_3001","Hwy 121 &amp; Dam Road","-97.055556","32.950556",4,"1-Jan-75","31-Dec-81"
"776","48_439_3002","FIRE STATION AT GRAPEVINE","-97.069722","32.943611",4,"29-Jun-94","17-Nov-96"
"777","48_439_3004","AT THE DALLAS/FORT WORTH AIRPORT","-97.043889","32.923611",4,"12-Aug-94","27-May-96"
"778","48_439_3005","DFW AIRPORT #2","-97.043611","32.925833",4,"15-Aug-96","30-Jun-00"
"779","48_439_3006","FORT WORTH LOCAL PROGRAM HQS","-97.248611","32.693056",4,"31-Dec-98","1-Sep-05"
"780","48_439_3007","FAA #2 / #3","-97.0661","32.8319",4,"13-Mar-00","28-Feb-03"
"781","48_439_3008","DIAMOND HILL","-97.336944","32.810833",4,"14-Mar-01","1-Sep-05"
"782","48_439_3009","Grapevine Fairway","-97.0637211","32.9842596",4,"4-Aug-00",""
"783","48_439_3010","Stage Coach","-97.47033","32.7392",4,"1-Jan-02",""
"784","48_439_3011","Arlington Municipal Airport","-97.0885849","32.6563574",4,"17-Jan-02",""
"785","48_439_5007","Arlington Airport KGKY","-97.095833","32.663889",4,"22-Jan-03",""
"786","48_441_0001","Abilene Central Fire Station","-99.741667","32.4525",3,"1-Jan-61","27-Dec-84"
"787","48_441_0002","Abilene State Park","-99.8825","32.235556",3,"1-Jan-79","1-Apr-84"
"788","48_441_1509","Abilene North 3rd Street","-99.729799","32.451011",3,"18-Dec-13",""
"789","48_441_5015","Abilene KABI","-99.681944","32.411389",3,"1-Aug-05",""
"790","48_449_0001","Mount Pleasant Water Treatment Plant","-94.976944","33.18",5,"1-Jan-73","20-Nov-82"
"791","48_449_1078","Cookville FM 4855","-94.8474","33.0752",5,"7-Dec-16",""
"792","48_451_0001","San Angelo City Hall","-100.4375","31.465",8,"1-Jan-61","31-Dec-76"
"793","48_451_1001","Fish Hatchery #1","-100.435","31.461111",8,"1-Jan-69","31-Dec-84"
"794","48_451_5016","San Angelo KSJT","-100.496389","31.357778",8,"2-Sep-05",""
"795","48_453_0001","Austin City Hall","-97.744444","30.271111",11,"1-Jan-58","16-Sep-71"
"796","48_453_0002","East 53rd","-97.714444","30.313333",11,"1-Jan-67","31-Dec-81"
"797","48_453_0003","PARMER LANE CAMS 25","-97.706944","30.42",11,"1-Jan-81","28-Feb-97"
"798","48_453_0004","Austin City-County Health Department","-97.733889","30.271111",11,"1-Jan-71","24-Jun-83"
"799","48_453_0005","Mollie Dawson School","-97.766667","30.236111",11,"1-Jan-72","24-Jun-83"
"800","48_453_0006","Research Blvd Fire Station","-97.711667","30.346944",11,"1-Jan-72","24-Jun-76"
"801","48_453_0007","Govalle Fire Station","-97.694444","30.2625",11,"1-Jan-72","31-Dec-76"
"802","48_453_0008","Balcones Drive Fire Station","-97.758333","30.337222",11,"1-Jan-72","31-Dec-81"
"803","48_453_0010","Ridgetop School","-97.716389","30.3125",11,"1-Jan-73","30-Dec-96"
"804","48_453_0011","Hunters Glen","-97.7875","30.212778",11,"1-Jan-73","31-Dec-81"
"805","48_453_0012","TACB Headquarters","-97.7375","30.373611",11,"1-Jan-74","31-Dec-81"
"806","48_453_0013","Lavaca &amp; 17th","-97.739444","30.276389",11,"1-Jan-76","31-Dec-81"
"807","48_453_0014","Austin Northwest","-97.7602554","30.3544356",11,"1-Jan-79",""
"808","48_453_0015","TCEQ-484530015","-97.702778","30.238889",11,"1-Jan-79","31-Dec-01"
"809","48_453_0016","Webberville Road","-97.709444","30.265278",11,"1-Jan-81","14-Nov-99"
"810","48_453_0017","AUSTIN DOWNTOWN C32","-97.746111","30.264167",11,"1-Jun-88","19-May-98"
"811","48_453_0020","Austin Audubon Society","-97.8723005","30.4831681",11,"28-Feb-97",""
"812","48_453_0021","Austin Webberville Rd","-97.7128831","30.2632079",11,"29-Sep-99",""
"813","48_453_0326","Zavala Elementary","-97.7203007","30.2583319",11,"18-Feb-09",""
"814","48_453_0613","PFLUGERVILLE WASTEWATER","-97.601389","30.418611",11,"10-Dec-02","3-Nov-06"
"815","48_453_1001","Camp Croft at Westlake High Road","-97.816667","30.282778",11,"1-Jan-73","31-Dec-75"
"816","48_453_1002","Mount Larson","-97.805556","30.319444",11,"1-Jan-73","31-Dec-81"
"817","48_453_1026","Austin 5th Street","-97.7209","30.259506",11,"4-Sep-14","29-Oct-15"
"818","48_453_1068","Austin North Interstate 35","-97.69166","30.35386",11,"16-Apr-14",""
"819","48_453_1603","Gorzycki Middle School","-97.893744","30.216397",11,"16-Apr-14",""
"820","48_453_1605","St. Edwards University","-97.754395","30.228536",11,"22-Jan-16",""
"821","48_453_5001","Camp Mabry KATT","-97.7613889","30.3136111",11,"15-Sep-98",""
"822","48_453_5003","Austin Bergstrom KAUS","-97.67","30.1944444",11,"17-Jun-04",""
"823","48_465_0002","Del Rio Central Fire Station","-100.916667","29.375",16,"1-Jan-74","31-Dec-78"
"824","48_465_0003","Lake Amistad","-100.997778","29.470833",16,"4-Aug-04","1-Aug-05"
"825","48_465_5017","Del Rio KDRT","-100.925833","29.372778",16,"1-Aug-05",""
"826","48_469_0001","Victoria Water Treatment Plant","-96.984444","28.820556",14,"1-Jan-75","1-Jan-81"
"827","48_469_0003","Victoria","-97.0055298","28.8361697",14,"1-Apr-89",""
"828","48_469_0004","Victoria Rabbit Run C602","-96.8536111","28.7513889",14,"19-Jul-00","23-Feb-06"
"829","48_469_0609","Inez","-96.78513","28.89962",14,"9-Jul-10",""
"830","48_471_0001","Huntsville Shop Building","-95.544722","30.723333",12,"1-Jan-75","1-Jan-78"
"831","48_471_5012","Huntsville KUTS","-95.587222","30.755278",12,"1-Aug-05",""
"832","48_473_0001","Texas Highway Department Yard","-96.065833","30.094444",12,"1-Jan-90","1-Jan-91"
"833","48_479_0001","San Bernardo Avenue","-99.501389","27.525",16,"1-Jan-67","31-Dec-74"
"834","48_479_0002","USEPA-484790002","-99.517222","27.509722",16,"1-Jan-67","31-Dec-72"
"835","48_479_0003","Fire Station #1","-99.513889","27.508333",16,"1-Jan-71","31-Dec-73"
"836","48_479_0004","Guadelupe","-99.480556","27.508611",16,"1-Jan-71","31-Dec-72"
"837","48_479_0005","Beulah Masterson School","-99.479167","27.416944",16,"1-Jan-71","31-Dec-73"
"838","48_479_0006","Saint Joseph Academy","-99.495833","27.5125",16,"1-Jan-71","31-Dec-72"
"839","48_479_0007","Highway Department","-99.500278","27.559722",16,"1-Jan-71","31-Dec-72"
"840","48_479_0008","Faria School","-99.511111","27.538889",16,"1-Jan-71","31-Dec-72"
"841","48_479_0009","Fort McIntosh","-99.506944","27.507222",16,"1-Jan-71","31-Dec-72"
"842","48_479_0010","New Health Building","-99.494444","27.519444",16,"1-Jan-71","31-Dec-72"
"843","48_479_0011","Fire Station #5","-99.473611","27.519444",16,"1-Jan-71","31-Dec-72"
"844","48_479_0012","Old Health Building","-99.466944","27.500278",16,"1-Jan-71","31-Dec-72"
"845","48_479_0013","North Highway Department","-99.500278","27.558333",16,"1-Jan-76","31-Dec-81"
"846","48_479_0014","Cedar Street","-99.49","27.519722",16,"1-Jan-83","29-May-89"
"847","48_479_0015","Laredo Junior College","-99.504167","27.501389",16,"5-Apr-90","18-Nov-95"
"848","48_479_0016","Laredo Vidaurri","-99.5152185","27.5174485",16,"15-Feb-96",""
"849","48_479_0017","Laredo Bridge","-99.5029843","27.5018255",16,"21-Sep-99",""
"850","48_479_0313","World Trade Bridge","-99.533333","27.599444",16,"13-Aug-02",""
"851","48_485_0001","USEPA-484850001","-98.495833","33.910556",3,"1-Jan-61","31-Dec-80"
"852","48_485_0002","Third Street","-98.505556","33.915833",3,"1-Jan-67","30-Dec-96"
"853","48_485_0315","Wichita Falls","-98.5717882","33.8630221",3,"14-Mar-05","24-Feb-14"
"854","48_485_0652","WICHITA FALLS   TEXAQSII","-98.459722","33.870278",3,"1-Aug-05","14-Feb-07"
"855","48_485_1508","Wichita Falls MWSU","-98.506096","33.849304",3,"19-Dec-13",""
"856","48_491_0674","CAPCOG Round Rock","-97.685","30.532778",11,"2-Jun-06","31-Oct-10"
"857","48_491_0690","CAPCOG Lake Georgetown","-97.734579","30.6664421",11,"20-Sep-07",""
"858","48_491_6602","CAPCOG Hutto College Street","-97.541794","30.545706",11,"18-May-11",""
"859","48_493_1038","Floresville Hospital Boulevard","-98.14806","29.130675",13,"18-Jul-13",""
"860","48_497_0001","Bridgeport Water Filtration Plant","-97.760833","33.219167",4,"1-Jan-75","26-Dec-82"
"861","48_497_0087","Decatur Airfield","-97.583333","33.253333",4,"6-May-87","30-Sep-87"
"862","48_497_0088","Decatur Thompson","-97.584445","33.221721",4,"6-Oct-10",""
"863","48_497_1001","Chico High School","-97.659722","33.291667",4,"1-Jan-83","27-Dec-84"
"864","48_497_1064","Rhome Seven Hills Road","-97.486618","33.044028",4,"12-Nov-12",""
"865","80_006_0001","NE of Ave De La Industria &amp; Thomas Fernandez Intersection","-106.396111","31.718611",NA,"4-Jun-90","31-Dec-98"
"866","80_006_0002","Pestalozzi","-106.428889","31.731389",NA,"4-Jun-90","18-Jun-07"
"867","80_006_0003","Zenco","-106.443056","31.638056",NA,"4-Jun-90","30-Jun-09"
"868","80_006_0004","CD Juarez Advance","-106.459722","31.689722",NA,"4-Jun-90",""
"869","80_006_0005","Benito Juarez Police Station","-106.3545","31.654",NA,"1-Jul-10",""
"870","80_006_0006","CD Juarez 20 30 Club","-106.459722","31.735556",NA,"22-Jul-96",""
"871","80_006_0007","CD Juarez Delphi","-106.395278","31.712222",NA,"28-Feb-95",""
"872","80_006_0010","Presidentia Municipal/City Hall","-104.4153","29.5311",NA,"17-Nov-03","23-Feb-04"
"873","80_006_0011","Ninez Mexicana Juarez","-106.4542","31.66127",NA,"12-Aug-10",""
